product_id,product_name,category_id,brand,description,price,original_price,cost,stock,sold_count,view_count,favorite_count,rating_avg,rating_count,main_image_url,image_urls,status,is_featured,created_at,updated_at
1,优质戴森 电热水壶,155,戴森,高品质电热水壶，戴森出品，品质保证,156.44,169.79,55.82,1344,25670,407517,51096,3.5,1134,https://cdn.example.com/products/1/main.jpg,"{https://cdn.example.com/products/1/1.jpg,https://cdn.example.com/products/1/2.jpg,https://cdn.example.com/products/1/3.jpg,https://cdn.example.com/products/1/4.jpg,https://cdn.example.com/products/1/5.jpg,https://cdn.example.com/products/1/6.jpg,https://cdn.example.com/products/1/7.jpg,https://cdn.example.com/products/1/8.jpg}",on_sale,f,2025-11-20 00:11:06.520077,2025-12-23 03:02:55.520077
2,热卖完美日记 女士香水,57,完美日记,精选材质，舒适耐用，性价比之选,1430.34,1539.99,576.81,889,43919,1913397,26304,4.2,3744,https://cdn.example.com/products/2/main.jpg,"{https://cdn.example.com/products/2/1.jpg,https://cdn.example.com/products/2/2.jpg,https://cdn.example.com/products/2/3.jpg}",on_sale,f,2026-01-21 14:51:55.520077,2026-01-21 19:43:21.520077
3,热卖戴森 电视,152,戴森,精选材质，舒适耐用，性价比之选,431.47,542.06,196.91,2331,16182,440095,5729,4.2,1325,https://cdn.example.com/products/3/main.jpg,"{https://cdn.example.com/products/3/1.jpg,https://cdn.example.com/products/3/2.jpg,https://cdn.example.com/products/3/3.jpg,https://cdn.example.com/products/3/4.jpg,https://cdn.example.com/products/3/5.jpg,https://cdn.example.com/products/3/6.jpg,https://cdn.example.com/products/3/7.jpg}",on_sale,f,2026-01-13 02:56:58.520077,2026-01-17 23:10:34.520077
4,优质好孩子 婴儿纸尿裤,115,好孩子,高品质婴儿纸尿裤，好孩子出品，品质保证,6583.85,7934.57,4198.80,1718,8717,326471,8712,4.6,727,https://cdn.example.com/products/4/main.jpg,"{https://cdn.example.com/products/4/1.jpg,https://cdn.example.com/products/4/2.jpg,https://cdn.example.com/products/4/3.jpg,https://cdn.example.com/products/4/4.jpg,https://cdn.example.com/products/4/5.jpg}",on_sale,f,2025-11-10 05:36:20.520077,2025-12-02 07:50:35.520077
5,精选完美日记 防晒,49,完美日记,完美日记官方正品，支持七天无理由退换,326.82,447.72,121.98,4597,26083,101572,42606,3.9,1111,https://cdn.example.com/products/5/main.jpg,"{https://cdn.example.com/products/5/1.jpg,https://cdn.example.com/products/5/2.jpg,https://cdn.example.com/products/5/3.jpg,https://cdn.example.com/products/5/4.jpg,https://cdn.example.com/products/5/5.jpg,https://cdn.example.com/products/5/6.jpg}",on_sale,f,2025-11-06 02:44:11.520077,2026-01-08 12:09:46.520077
6,优质巴拉巴拉 儿童奶粉,112,巴拉巴拉,巴拉巴拉官方正品，支持七天无理由退换,757.48,1234.48,504.97,390,29725,960672,26652,4.0,2116,https://cdn.example.com/products/6/main.jpg,"{https://cdn.example.com/products/6/1.jpg,https://cdn.example.com/products/6/2.jpg,https://cdn.example.com/products/6/3.jpg}",off_sale,f,2025-12-06 00:10:20.520077,2026-01-17 14:16:03.520077
7,新款UR 文胸,21,UR,精选材质，舒适耐用，性价比之选,5943.68,9841.51,2686.77,986,36304,204651,58845,3.7,2224,https://cdn.example.com/products/7/main.jpg,"{https://cdn.example.com/products/7/1.jpg,https://cdn.example.com/products/7/2.jpg,https://cdn.example.com/products/7/3.jpg}",on_sale,f,2025-12-31 20:52:21.520077,2026-01-06 14:23:49.520077
8,热卖索尼 老人机,28,索尼,精选材质，舒适耐用，性价比之选,120.53,151.59,73.35,1401,30526,765361,57362,3.8,1241,https://cdn.example.com/products/8/main.jpg,"{https://cdn.example.com/products/8/1.jpg,https://cdn.example.com/products/8/2.jpg,https://cdn.example.com/products/8/3.jpg,https://cdn.example.com/products/8/4.jpg,https://cdn.example.com/products/8/5.jpg,https://cdn.example.com/products/8/6.jpg,https://cdn.example.com/products/8/7.jpg,https://cdn.example.com/products/8/8.jpg}",pre_sale,f,2025-11-03 19:50:19.520077,2025-11-29 07:43:25.520077
9,热卖宜家 床上用品,90,宜家,精选材质，舒适耐用，性价比之选,1595.23,1812.37,804.51,2413,4418,149752,7507,3.6,273,https://cdn.example.com/products/9/main.jpg,"{https://cdn.example.com/products/9/1.jpg,https://cdn.example.com/products/9/2.jpg,https://cdn.example.com/products/9/3.jpg,https://cdn.example.com/products/9/4.jpg,https://cdn.example.com/products/9/5.jpg,https://cdn.example.com/products/9/6.jpg,https://cdn.example.com/products/9/7.jpg,https://cdn.example.com/products/9/8.jpg}",on_sale,f,2025-11-15 09:03:53.520077,2025-12-01 23:29:30.520077
10,新款小米 电饭煲,154,小米,精选材质，舒适耐用，性价比之选,110.46,138.16,44.97,3488,46284,1962656,63375,4.5,2658,https://cdn.example.com/products/10/main.jpg,"{https://cdn.example.com/products/10/1.jpg,https://cdn.example.com/products/10/2.jpg,https://cdn.example.com/products/10/3.jpg}",on_sale,f,2025-12-01 17:01:02.520077,2025-12-17 08:07:56.520077
11,热卖帮宝适 遥控玩具,122,帮宝适,帮宝适官方正品，支持七天无理由退换,1523.00,1693.57,969.46,1431,19730,26255,11193,4.6,444,https://cdn.example.com/products/11/main.jpg,"{https://cdn.example.com/products/11/1.jpg,https://cdn.example.com/products/11/2.jpg,https://cdn.example.com/products/11/3.jpg,https://cdn.example.com/products/11/4.jpg,https://cdn.example.com/products/11/5.jpg}",on_sale,f,2025-11-11 12:08:11.520077,2026-01-24 22:43:35.520077
12,时尚统一 水果,79,统一,高品质水果，统一出品，品质保证,7518.84,8941.78,2969.58,552,1283,51681,845,4.5,99,https://cdn.example.com/products/12/main.jpg,"{https://cdn.example.com/products/12/1.jpg,https://cdn.example.com/products/12/2.jpg,https://cdn.example.com/products/12/3.jpg,https://cdn.example.com/products/12/4.jpg,https://cdn.example.com/products/12/5.jpg,https://cdn.example.com/products/12/6.jpg}",on_sale,f,2025-11-24 05:34:36.520077,2025-12-12 20:18:20.520077
13,限定特步 足球鞋,131,特步,精选材质，舒适耐用，性价比之选,159.09,265.10,56.51,3312,7777,283775,15072,4.5,747,https://cdn.example.com/products/13/main.jpg,"{https://cdn.example.com/products/13/1.jpg,https://cdn.example.com/products/13/2.jpg,https://cdn.example.com/products/13/3.jpg}",on_sale,f,2025-12-03 08:33:55.520077,2025-12-21 22:36:17.520077
14,限定安踏 运动裤,135,安踏,高品质运动裤，安踏出品，品质保证,784.52,1232.58,506.10,3374,29222,1277885,11225,4.3,113,https://cdn.example.com/products/14/main.jpg,"{https://cdn.example.com/products/14/1.jpg,https://cdn.example.com/products/14/2.jpg,https://cdn.example.com/products/14/3.jpg,https://cdn.example.com/products/14/4.jpg,https://cdn.example.com/products/14/5.jpg,https://cdn.example.com/products/14/6.jpg,https://cdn.example.com/products/14/7.jpg,https://cdn.example.com/products/14/8.jpg}",on_sale,f,2025-12-20 14:20:56.520077,2025-12-24 03:54:08.520077
15,时尚雅培 积木,121,雅培,爆款积木，销量领先，好评如潮,927.45,1390.61,566.80,818,6172,27699,8728,4.8,23,https://cdn.example.com/products/15/main.jpg,"{https://cdn.example.com/products/15/1.jpg,https://cdn.example.com/products/15/2.jpg,https://cdn.example.com/products/15/3.jpg,https://cdn.example.com/products/15/4.jpg,https://cdn.example.com/products/15/5.jpg}",on_sale,f,2025-11-26 14:28:20.520077,2025-12-16 22:58:41.520077
16,精选特步 哑铃,138,特步,高品质哑铃，特步出品，品质保证,83.04,132.36,41.73,587,11919,580382,20742,4.4,547,https://cdn.example.com/products/16/main.jpg,"{https://cdn.example.com/products/16/1.jpg,https://cdn.example.com/products/16/2.jpg,https://cdn.example.com/products/16/3.jpg,https://cdn.example.com/products/16/4.jpg}",on_sale,f,2025-12-04 04:01:44.520077,2026-01-23 02:09:22.520077
17,惠氏 婴儿推车,124,惠氏,高品质婴儿推车，惠氏出品，品质保证,1678.17,1758.52,1094.02,3749,26550,1172595,9852,4.2,2496,https://cdn.example.com/products/17/main.jpg,"{https://cdn.example.com/products/17/1.jpg,https://cdn.example.com/products/17/2.jpg,https://cdn.example.com/products/17/3.jpg,https://cdn.example.com/products/17/4.jpg}",sold_out,f,2025-12-15 17:44:24.520077,2026-01-01 22:25:43.520077
18,精选好孩子 益智玩具,119,好孩子,好孩子官方正品，支持七天无理由退换,936.77,958.96,548.74,4940,23745,342533,36452,4.2,104,https://cdn.example.com/products/18/main.jpg,"{https://cdn.example.com/products/18/1.jpg,https://cdn.example.com/products/18/2.jpg,https://cdn.example.com/products/18/3.jpg,https://cdn.example.com/products/18/4.jpg,https://cdn.example.com/products/18/5.jpg,https://cdn.example.com/products/18/6.jpg,https://cdn.example.com/products/18/7.jpg,https://cdn.example.com/products/18/8.jpg}",sold_out,f,2026-01-01 02:43:33.520077,2026-01-06 18:26:01.520077
19,德尔玛 收纳箱,95,德尔玛,德尔玛官方正品，支持七天无理由退换,538.95,574.58,362.66,4682,27523,1011419,24032,3.6,984,https://cdn.example.com/products/19/main.jpg,"{https://cdn.example.com/products/19/1.jpg,https://cdn.example.com/products/19/2.jpg,https://cdn.example.com/products/19/3.jpg}",on_sale,f,2025-12-10 05:23:50.520077,2025-12-18 06:12:31.520077
20,优质网易严选 保鲜盒,103,网易严选,精选材质，舒适耐用，性价比之选,974.41,1341.83,432.96,2007,11714,185127,14935,4.1,883,https://cdn.example.com/products/20/main.jpg,"{https://cdn.example.com/products/20/1.jpg,https://cdn.example.com/products/20/2.jpg,https://cdn.example.com/products/20/3.jpg,https://cdn.example.com/products/20/4.jpg,https://cdn.example.com/products/20/5.jpg,https://cdn.example.com/products/20/6.jpg}",on_sale,f,2025-11-14 18:56:44.520077,2026-01-15 20:44:25.520077
21,经典九阳 油烟机,159,九阳,爆款油烟机，销量领先，好评如潮,453.36,670.45,295.57,2380,23655,1062480,23640,3.8,2109,https://cdn.example.com/products/21/main.jpg,"{https://cdn.example.com/products/21/1.jpg,https://cdn.example.com/products/21/2.jpg,https://cdn.example.com/products/21/3.jpg,https://cdn.example.com/products/21/4.jpg,https://cdn.example.com/products/21/5.jpg,https://cdn.example.com/products/21/6.jpg,https://cdn.example.com/products/21/7.jpg}",on_sale,f,2025-10-31 13:26:34.520077,2025-11-24 12:54:39.520077
22,精选雅培 成人纸尿裤,117,雅培,雅培官方正品，支持七天无理由退换,96.13,144.39,61.77,4048,22250,248724,7650,4.6,852,https://cdn.example.com/products/22/main.jpg,"{https://cdn.example.com/products/22/1.jpg,https://cdn.example.com/products/22/2.jpg,https://cdn.example.com/products/22/3.jpg,https://cdn.example.com/products/22/4.jpg,https://cdn.example.com/products/22/5.jpg,https://cdn.example.com/products/22/6.jpg,https://cdn.example.com/products/22/7.jpg,https://cdn.example.com/products/22/8.jpg}",on_sale,f,2025-10-28 15:26:10.520077,2025-11-06 15:13:18.520077
23,戴森 油烟机,159,戴森,戴森官方正品，支持七天无理由退换,2131.81,3524.13,732.67,4139,16547,483503,21502,4.6,1559,https://cdn.example.com/products/23/main.jpg,"{https://cdn.example.com/products/23/1.jpg,https://cdn.example.com/products/23/2.jpg,https://cdn.example.com/products/23/3.jpg}",on_sale,f,2025-11-10 14:31:43.520077,2026-01-20 03:27:49.520077
24,限定百草味 大米,84,百草味,爆款大米，销量领先，好评如潮,213.20,329.59,66.06,1437,34859,750848,66856,3.6,2135,https://cdn.example.com/products/24/main.jpg,"{https://cdn.example.com/products/24/1.jpg,https://cdn.example.com/products/24/2.jpg,https://cdn.example.com/products/24/3.jpg,https://cdn.example.com/products/24/4.jpg,https://cdn.example.com/products/24/5.jpg,https://cdn.example.com/products/24/6.jpg,https://cdn.example.com/products/24/7.jpg,https://cdn.example.com/products/24/8.jpg}",off_sale,f,2025-10-31 21:00:53.520077,2026-01-01 17:19:55.520077
25,时尚匹克 运动裤,135,匹克,爆款运动裤，销量领先，好评如潮,160.72,172.91,112.29,603,39977,1564190,48631,3.7,2890,https://cdn.example.com/products/25/main.jpg,"{https://cdn.example.com/products/25/1.jpg,https://cdn.example.com/products/25/2.jpg,https://cdn.example.com/products/25/3.jpg,https://cdn.example.com/products/25/4.jpg,https://cdn.example.com/products/25/5.jpg,https://cdn.example.com/products/25/6.jpg}",on_sale,f,2026-01-07 07:29:10.520077,2026-01-14 19:46:34.520077
26,精选农夫山泉 果汁,74,农夫山泉,高品质果汁，农夫山泉出品，品质保证,2090.87,3231.39,1427.36,2300,1331,29370,1082,4.0,88,https://cdn.example.com/products/26/main.jpg,"{https://cdn.example.com/products/26/1.jpg,https://cdn.example.com/products/26/2.jpg,https://cdn.example.com/products/26/3.jpg,https://cdn.example.com/products/26/4.jpg,https://cdn.example.com/products/26/5.jpg,https://cdn.example.com/products/26/6.jpg,https://cdn.example.com/products/26/7.jpg}",pre_sale,f,2026-01-12 12:41:16.520077,2026-01-15 22:47:50.520077
27,精选贝亲 婴儿奶粉,111,贝亲,精选材质，舒适耐用，性价比之选,1337.65,1622.46,450.41,1175,17618,149599,7391,4.7,1058,https://cdn.example.com/products/27/main.jpg,"{https://cdn.example.com/products/27/1.jpg,https://cdn.example.com/products/27/2.jpg,https://cdn.example.com/products/27/3.jpg,https://cdn.example.com/products/27/4.jpg,https://cdn.example.com/products/27/5.jpg,https://cdn.example.com/products/27/6.jpg}",pre_sale,f,2025-11-24 06:04:56.520077,2026-01-04 20:28:55.520077
28,优质太平鸟 裤子,7,太平鸟,爆款裤子，销量领先，好评如潮,1181.43,1944.68,529.23,2384,23744,1133426,39901,5.0,1439,https://cdn.example.com/products/28/main.jpg,"{https://cdn.example.com/products/28/1.jpg,https://cdn.example.com/products/28/2.jpg,https://cdn.example.com/products/28/3.jpg,https://cdn.example.com/products/28/4.jpg,https://cdn.example.com/products/28/5.jpg,https://cdn.example.com/products/28/6.jpg,https://cdn.example.com/products/28/7.jpg,https://cdn.example.com/products/28/8.jpg}",pre_sale,f,2025-12-28 15:54:35.520077,2026-01-14 11:31:23.520077
29,精选帮宝适 孕妇奶粉,113,帮宝适,精选材质，舒适耐用，性价比之选,1955.51,2572.86,721.22,4946,36608,1643564,45093,4.8,938,https://cdn.example.com/products/29/main.jpg,"{https://cdn.example.com/products/29/1.jpg,https://cdn.example.com/products/29/2.jpg,https://cdn.example.com/products/29/3.jpg,https://cdn.example.com/products/29/4.jpg}",sold_out,f,2026-01-21 09:38:39.520077,2026-01-22 05:22:45.520077
30,时尚SK-II 粉底,52,SK-II,SK-II官方正品，支持七天无理由退换,4486.39,5275.69,1796.10,4228,29193,979929,31547,3.8,2202,https://cdn.example.com/products/30/main.jpg,"{https://cdn.example.com/products/30/1.jpg,https://cdn.example.com/products/30/2.jpg,https://cdn.example.com/products/30/3.jpg,https://cdn.example.com/products/30/4.jpg}",on_sale,f,2025-11-25 11:39:37.520077,2026-01-21 20:06:20.520077
31,德尔玛 纸巾,105,德尔玛,爆款纸巾，销量领先，好评如潮,7445.60,9846.62,4412.54,1869,15899,572059,4411,4.9,323,https://cdn.example.com/products/31/main.jpg,"{https://cdn.example.com/products/31/1.jpg,https://cdn.example.com/products/31/2.jpg,https://cdn.example.com/products/31/3.jpg,https://cdn.example.com/products/31/4.jpg}",on_sale,f,2026-01-20 03:42:41.520077,2026-01-22 22:02:36.520077
32,时尚OPPO 智能手表,40,OPPO,OPPO官方正品，支持七天无理由退换,1181.70,1282.81,618.69,3028,20608,937011,546,4.5,92,https://cdn.example.com/products/32/main.jpg,"{https://cdn.example.com/products/32/1.jpg,https://cdn.example.com/products/32/2.jpg,https://cdn.example.com/products/32/3.jpg,https://cdn.example.com/products/32/4.jpg,https://cdn.example.com/products/32/5.jpg,https://cdn.example.com/products/32/6.jpg,https://cdn.example.com/products/32/7.jpg,https://cdn.example.com/products/32/8.jpg}",on_sale,f,2025-12-03 21:32:28.520077,2025-12-23 01:14:28.520077
33,时尚小米有品 餐具,101,小米有品,小米有品官方正品，支持七天无理由退换,4954.54,6638.76,2383.05,4921,29840,1094727,7856,3.6,305,https://cdn.example.com/products/33/main.jpg,"{https://cdn.example.com/products/33/1.jpg,https://cdn.example.com/products/33/2.jpg,https://cdn.example.com/products/33/3.jpg,https://cdn.example.com/products/33/4.jpg,https://cdn.example.com/products/33/5.jpg}",off_sale,f,2026-01-23 21:00:39.520077,2026-01-24 14:58:29.520077
34,时尚小米有品 置物架,97,小米有品,爆款置物架，销量领先，好评如潮,1874.28,1959.76,616.93,3513,47765,814478,56678,4.9,1924,https://cdn.example.com/products/34/main.jpg,"{https://cdn.example.com/products/34/1.jpg,https://cdn.example.com/products/34/2.jpg,https://cdn.example.com/products/34/3.jpg,https://cdn.example.com/products/34/4.jpg,https://cdn.example.com/products/34/5.jpg,https://cdn.example.com/products/34/6.jpg,https://cdn.example.com/products/34/7.jpg,https://cdn.example.com/products/34/8.jpg}",on_sale,f,2025-11-25 12:03:58.520077,2025-12-24 12:49:01.520077
35,经典苏泊尔 电热水壶,155,苏泊尔,高品质电热水壶，苏泊尔出品，品质保证,267.91,371.14,177.67,4294,40684,1823238,66469,4.3,2477,https://cdn.example.com/products/35/main.jpg,"{https://cdn.example.com/products/35/1.jpg,https://cdn.example.com/products/35/2.jpg,https://cdn.example.com/products/35/3.jpg,https://cdn.example.com/products/35/4.jpg,https://cdn.example.com/products/35/5.jpg,https://cdn.example.com/products/35/6.jpg,https://cdn.example.com/products/35/7.jpg,https://cdn.example.com/products/35/8.jpg}",off_sale,f,2025-12-14 17:54:02.520077,2025-12-21 06:07:45.520077
36,优质阿迪达斯 篮球鞋,130,阿迪达斯,爆款篮球鞋，销量领先，好评如潮,4003.64,5912.93,2122.50,4035,16092,399136,24383,4.6,1249,https://cdn.example.com/products/36/main.jpg,"{https://cdn.example.com/products/36/1.jpg,https://cdn.example.com/products/36/2.jpg,https://cdn.example.com/products/36/3.jpg}",on_sale,f,2025-12-05 10:43:46.520077,2026-01-24 22:30:28.520077
37,优质蒙牛 肉类,81,蒙牛,高品质肉类，蒙牛出品，品质保证,631.57,636.27,416.53,3204,28021,628140,25762,4.0,1766,https://cdn.example.com/products/37/main.jpg,"{https://cdn.example.com/products/37/1.jpg,https://cdn.example.com/products/37/2.jpg,https://cdn.example.com/products/37/3.jpg,https://cdn.example.com/products/37/4.jpg,https://cdn.example.com/products/37/5.jpg,https://cdn.example.com/products/37/6.jpg,https://cdn.example.com/products/37/7.jpg}",sold_out,f,2026-01-12 01:01:47.520077,2026-01-12 17:17:11.520077
38,经典宜家 床上用品,90,宜家,精选材质，舒适耐用，性价比之选,3571.73,3587.54,1921.61,4005,43885,433221,74346,3.8,2941,https://cdn.example.com/products/38/main.jpg,"{https://cdn.example.com/products/38/1.jpg,https://cdn.example.com/products/38/2.jpg,https://cdn.example.com/products/38/3.jpg,https://cdn.example.com/products/38/4.jpg,https://cdn.example.com/products/38/5.jpg,https://cdn.example.com/products/38/6.jpg}",sold_out,f,2026-01-06 05:30:00.520077,2026-01-18 23:46:57.520077
39,苏泊尔 空气净化器,165,苏泊尔,爆款空气净化器，销量领先，好评如潮,2643.54,3380.08,1738.49,4431,9682,49075,13371,3.9,711,https://cdn.example.com/products/39/main.jpg,"{https://cdn.example.com/products/39/1.jpg,https://cdn.example.com/products/39/2.jpg,https://cdn.example.com/products/39/3.jpg,https://cdn.example.com/products/39/4.jpg,https://cdn.example.com/products/39/5.jpg,https://cdn.example.com/products/39/6.jpg}",off_sale,f,2025-12-21 07:47:56.520077,2025-12-28 17:29:38.520077
40,新款耐克 睡袋,145,耐克,高品质睡袋，耐克出品，品质保证,159.15,192.39,61.56,2970,5938,31490,10798,4.1,307,https://cdn.example.com/products/40/main.jpg,"{https://cdn.example.com/products/40/1.jpg,https://cdn.example.com/products/40/2.jpg,https://cdn.example.com/products/40/3.jpg,https://cdn.example.com/products/40/4.jpg}",pre_sale,t,2025-11-12 02:00:50.520077,2026-01-06 23:17:54.520077
41,限定巴拉巴拉 益智玩具,119,巴拉巴拉,巴拉巴拉官方正品，支持七天无理由退换,104.11,139.19,36.47,1909,22521,622752,36265,4.1,237,https://cdn.example.com/products/41/main.jpg,"{https://cdn.example.com/products/41/1.jpg,https://cdn.example.com/products/41/2.jpg,https://cdn.example.com/products/41/3.jpg}",on_sale,f,2026-01-18 18:15:23.520077,2026-01-24 10:33:55.520077
42,精选完美日记 牙膏,63,完美日记,完美日记官方正品，支持七天无理由退换,1600.94,1641.72,942.63,2487,9464,245303,10761,4.6,817,https://cdn.example.com/products/42/main.jpg,"{https://cdn.example.com/products/42/1.jpg,https://cdn.example.com/products/42/2.jpg,https://cdn.example.com/products/42/3.jpg,https://cdn.example.com/products/42/4.jpg,https://cdn.example.com/products/42/5.jpg,https://cdn.example.com/products/42/6.jpg,https://cdn.example.com/products/42/7.jpg}",on_sale,f,2025-11-10 23:26:44.520077,2025-11-20 23:34:18.520077
43,经典百草味 大米,84,百草味,爆款大米，销量领先，好评如潮,565.03,775.69,326.18,1223,42881,1448736,20750,4.9,2803,https://cdn.example.com/products/43/main.jpg,"{https://cdn.example.com/products/43/1.jpg,https://cdn.example.com/products/43/2.jpg,https://cdn.example.com/products/43/3.jpg,https://cdn.example.com/products/43/4.jpg,https://cdn.example.com/products/43/5.jpg}",on_sale,f,2026-01-03 07:11:58.520077,2026-01-03 23:42:05.520077
44,优质完美日记 中性香水,59,完美日记,精选材质，舒适耐用，性价比之选,22.81,27.96,13.43,312,17783,734319,34949,3.5,1090,https://cdn.example.com/products/44/main.jpg,"{https://cdn.example.com/products/44/1.jpg,https://cdn.example.com/products/44/2.jpg,https://cdn.example.com/products/44/3.jpg,https://cdn.example.com/products/44/4.jpg,https://cdn.example.com/products/44/5.jpg,https://cdn.example.com/products/44/6.jpg,https://cdn.example.com/products/44/7.jpg,https://cdn.example.com/products/44/8.jpg}",on_sale,f,2025-11-03 00:55:53.520077,2025-11-05 15:03:19.520077
45,热卖美的 刀具,102,美的,高品质刀具，美的出品，品质保证,304.00,387.01,115.97,41,1335,24761,2173,4.7,34,https://cdn.example.com/products/45/main.jpg,"{https://cdn.example.com/products/45/1.jpg,https://cdn.example.com/products/45/2.jpg,https://cdn.example.com/products/45/3.jpg,https://cdn.example.com/products/45/4.jpg,https://cdn.example.com/products/45/5.jpg,https://cdn.example.com/products/45/6.jpg,https://cdn.example.com/products/45/7.jpg,https://cdn.example.com/products/45/8.jpg}",on_sale,f,2025-11-07 03:29:41.520077,2025-11-22 00:59:28.520077
46,精选小米有品 纸巾,105,小米有品,爆款纸巾，销量领先，好评如潮,1127.39,1174.43,538.68,4571,34419,448263,9224,3.6,3265,https://cdn.example.com/products/46/main.jpg,"{https://cdn.example.com/products/46/1.jpg,https://cdn.example.com/products/46/2.jpg,https://cdn.example.com/products/46/3.jpg,https://cdn.example.com/products/46/4.jpg,https://cdn.example.com/products/46/5.jpg}",on_sale,f,2025-11-03 11:47:54.520077,2026-01-03 14:25:59.520077
47,优质珀莱雅 精华,46,珀莱雅,精选材质，舒适耐用，性价比之选,28.50,40.20,18.50,4645,8283,78788,5056,4.6,597,https://cdn.example.com/products/47/main.jpg,"{https://cdn.example.com/products/47/1.jpg,https://cdn.example.com/products/47/2.jpg,https://cdn.example.com/products/47/3.jpg,https://cdn.example.com/products/47/4.jpg,https://cdn.example.com/products/47/5.jpg,https://cdn.example.com/products/47/6.jpg,https://cdn.example.com/products/47/7.jpg}",on_sale,f,2026-01-23 15:42:07.520077,2026-01-23 19:30:58.520077
48,热卖SK-II 粉底,52,SK-II,精选材质，舒适耐用，性价比之选,212.49,289.90,66.10,4448,39408,1159407,42277,4.4,683,https://cdn.example.com/products/48/main.jpg,"{https://cdn.example.com/products/48/1.jpg,https://cdn.example.com/products/48/2.jpg,https://cdn.example.com/products/48/3.jpg,https://cdn.example.com/products/48/4.jpg,https://cdn.example.com/products/48/5.jpg}",pre_sale,f,2025-11-23 17:03:46.520077,2025-12-09 09:41:54.520077
49,限定联想 老人机,28,联想,爆款老人机，销量领先，好评如潮,822.55,841.84,351.74,1373,2641,106077,3962,4.7,21,https://cdn.example.com/products/49/main.jpg,"{https://cdn.example.com/products/49/1.jpg,https://cdn.example.com/products/49/2.jpg,https://cdn.example.com/products/49/3.jpg,https://cdn.example.com/products/49/4.jpg,https://cdn.example.com/products/49/5.jpg,https://cdn.example.com/products/49/6.jpg,https://cdn.example.com/products/49/7.jpg,https://cdn.example.com/products/49/8.jpg}",on_sale,f,2025-11-19 23:56:05.520077,2025-11-23 06:29:42.520077
50,时尚vivo 手机壳,37,vivo,高品质手机壳，vivo出品，品质保证,66.93,94.53,32.04,4767,30705,1507088,47011,4.4,2120,https://cdn.example.com/products/50/main.jpg,"{https://cdn.example.com/products/50/1.jpg,https://cdn.example.com/products/50/2.jpg,https://cdn.example.com/products/50/3.jpg,https://cdn.example.com/products/50/4.jpg,https://cdn.example.com/products/50/5.jpg,https://cdn.example.com/products/50/6.jpg}",on_sale,f,2025-12-11 03:37:34.520077,2025-12-18 08:35:34.520077
51,优质UR T恤,10,UR,爆款T恤，销量领先，好评如潮,1154.10,1511.52,717.81,1776,49137,1939329,82942,4.7,4259,https://cdn.example.com/products/51/main.jpg,"{https://cdn.example.com/products/51/1.jpg,https://cdn.example.com/products/51/2.jpg,https://cdn.example.com/products/51/3.jpg,https://cdn.example.com/products/51/4.jpg}",on_sale,f,2025-11-27 02:31:07.520077,2025-12-04 11:58:18.520077
52,德尔玛 衣架,96,德尔玛,德尔玛官方正品，支持七天无理由退换,5339.98,8458.94,2077.34,2844,12773,336464,17465,4.1,1044,https://cdn.example.com/products/52/main.jpg,"{https://cdn.example.com/products/52/1.jpg,https://cdn.example.com/products/52/2.jpg,https://cdn.example.com/products/52/3.jpg,https://cdn.example.com/products/52/4.jpg,https://cdn.example.com/products/52/5.jpg}",on_sale,f,2025-12-12 02:06:03.520077,2026-01-14 23:03:17.520077
53,热卖森马 衬衫,11,森马,森马官方正品，支持七天无理由退换,767.79,1007.53,323.61,71,49808,1278701,17456,4.5,3118,https://cdn.example.com/products/53/main.jpg,"{https://cdn.example.com/products/53/1.jpg,https://cdn.example.com/products/53/2.jpg,https://cdn.example.com/products/53/3.jpg}",on_sale,f,2025-12-18 00:44:33.520077,2026-01-20 10:13:26.520077
54,优质安踏 拉力带,141,安踏,精选材质，舒适耐用，性价比之选,5405.76,5829.42,2420.84,296,48832,2370148,80790,4.3,4804,https://cdn.example.com/products/54/main.jpg,"{https://cdn.example.com/products/54/1.jpg,https://cdn.example.com/products/54/2.jpg,https://cdn.example.com/products/54/3.jpg}",on_sale,f,2026-01-14 06:11:53.520077,2026-01-22 19:07:44.520077
55,精选科沃斯 扫地机器人,164,科沃斯,精选材质，舒适耐用，性价比之选,62.54,85.64,37.74,4453,14733,182473,28807,3.9,825,https://cdn.example.com/products/55/main.jpg,"{https://cdn.example.com/products/55/1.jpg,https://cdn.example.com/products/55/2.jpg,https://cdn.example.com/products/55/3.jpg,https://cdn.example.com/products/55/4.jpg,https://cdn.example.com/products/55/5.jpg,https://cdn.example.com/products/55/6.jpg,https://cdn.example.com/products/55/7.jpg,https://cdn.example.com/products/55/8.jpg}",sold_out,f,2025-12-03 02:40:02.520077,2025-12-26 13:03:25.520077
56,蒙牛 蔬菜,80,蒙牛,精选材质，舒适耐用，性价比之选,617.03,905.51,257.60,3688,3531,161290,4748,4.8,38,https://cdn.example.com/products/56/main.jpg,"{https://cdn.example.com/products/56/1.jpg,https://cdn.example.com/products/56/2.jpg,https://cdn.example.com/products/56/3.jpg,https://cdn.example.com/products/56/4.jpg,https://cdn.example.com/products/56/5.jpg,https://cdn.example.com/products/56/6.jpg}",on_sale,f,2026-01-09 20:22:55.520077,2026-01-20 22:44:56.520077
57,热卖匹克 瑜伽垫,139,匹克,高品质瑜伽垫，匹克出品，品质保证,363.14,364.88,215.65,2540,8817,92546,14394,4.7,719,https://cdn.example.com/products/57/main.jpg,"{https://cdn.example.com/products/57/1.jpg,https://cdn.example.com/products/57/2.jpg,https://cdn.example.com/products/57/3.jpg}",off_sale,f,2025-12-01 18:15:30.520077,2025-12-27 08:58:04.520077
58,限定德尔玛 毛巾,91,德尔玛,高品质毛巾，德尔玛出品，品质保证,585.51,607.91,202.31,3066,34258,299801,32736,4.2,829,https://cdn.example.com/products/58/main.jpg,"{https://cdn.example.com/products/58/1.jpg,https://cdn.example.com/products/58/2.jpg,https://cdn.example.com/products/58/3.jpg,https://cdn.example.com/products/58/4.jpg,https://cdn.example.com/products/58/5.jpg,https://cdn.example.com/products/58/6.jpg,https://cdn.example.com/products/58/7.jpg}",on_sale,f,2026-01-21 03:20:20.520077,2026-01-21 10:25:18.520077
59,优质戴森 冰箱,149,戴森,高品质冰箱，戴森出品，品质保证,50.12,70.41,22.01,1325,26436,723829,18247,4.8,431,https://cdn.example.com/products/59/main.jpg,"{https://cdn.example.com/products/59/1.jpg,https://cdn.example.com/products/59/2.jpg,https://cdn.example.com/products/59/3.jpg,https://cdn.example.com/products/59/4.jpg}",on_sale,f,2025-12-04 11:32:03.520077,2025-12-08 06:17:10.520077
60,精选科沃斯 消毒柜,162,科沃斯,精选材质，舒适耐用，性价比之选,6139.64,8378.44,2172.13,2215,35863,1163844,53621,4.5,2135,https://cdn.example.com/products/60/main.jpg,"{https://cdn.example.com/products/60/1.jpg,https://cdn.example.com/products/60/2.jpg,https://cdn.example.com/products/60/3.jpg,https://cdn.example.com/products/60/4.jpg,https://cdn.example.com/products/60/5.jpg,https://cdn.example.com/products/60/6.jpg}",on_sale,f,2025-11-16 12:23:43.520077,2025-12-29 12:45:22.520077
61,优质蒙牛 大米,84,蒙牛,精选材质，舒适耐用，性价比之选,3877.72,4657.65,1663.62,1253,37275,95931,48917,4.5,589,https://cdn.example.com/products/61/main.jpg,"{https://cdn.example.com/products/61/1.jpg,https://cdn.example.com/products/61/2.jpg,https://cdn.example.com/products/61/3.jpg,https://cdn.example.com/products/61/4.jpg,https://cdn.example.com/products/61/5.jpg,https://cdn.example.com/products/61/6.jpg}",on_sale,t,2025-12-28 11:30:35.520077,2026-01-19 08:42:05.520077
62,经典宜家 床上用品,90,宜家,精选材质，舒适耐用，性价比之选,6631.44,7221.98,2331.13,4049,28843,649856,29415,4.5,1798,https://cdn.example.com/products/62/main.jpg,"{https://cdn.example.com/products/62/1.jpg,https://cdn.example.com/products/62/2.jpg,https://cdn.example.com/products/62/3.jpg,https://cdn.example.com/products/62/4.jpg,https://cdn.example.com/products/62/5.jpg,https://cdn.example.com/products/62/6.jpg,https://cdn.example.com/products/62/7.jpg,https://cdn.example.com/products/62/8.jpg}",pre_sale,f,2025-10-27 18:11:38.520077,2026-01-03 14:49:33.520077
63,时尚洽洽 调味品,87,洽洽,爆款调味品，销量领先，好评如潮,262.60,276.09,126.09,2419,40657,1839855,25997,3.8,1305,https://cdn.example.com/products/63/main.jpg,"{https://cdn.example.com/products/63/1.jpg,https://cdn.example.com/products/63/2.jpg,https://cdn.example.com/products/63/3.jpg,https://cdn.example.com/products/63/4.jpg,https://cdn.example.com/products/63/5.jpg,https://cdn.example.com/products/63/6.jpg,https://cdn.example.com/products/63/7.jpg,https://cdn.example.com/products/63/8.jpg}",on_sale,f,2025-10-30 00:01:38.520077,2026-01-06 16:24:20.520077
64,时尚联想 耳机,35,联想,爆款耳机，销量领先，好评如潮,1279.04,1546.55,755.15,5000,2321,82343,928,4.2,36,https://cdn.example.com/products/64/main.jpg,"{https://cdn.example.com/products/64/1.jpg,https://cdn.example.com/products/64/2.jpg,https://cdn.example.com/products/64/3.jpg,https://cdn.example.com/products/64/4.jpg,https://cdn.example.com/products/64/5.jpg,https://cdn.example.com/products/64/6.jpg}",on_sale,f,2025-11-21 17:32:45.520077,2025-12-25 00:52:07.520077
65,经典贝亲 孕妇奶粉,113,贝亲,贝亲官方正品，支持七天无理由退换,242.40,311.75,143.02,2740,27105,679050,43513,4.3,2700,https://cdn.example.com/products/65/main.jpg,"{https://cdn.example.com/products/65/1.jpg,https://cdn.example.com/products/65/2.jpg,https://cdn.example.com/products/65/3.jpg,https://cdn.example.com/products/65/4.jpg}",off_sale,t,2025-11-03 14:30:22.520077,2025-11-18 01:35:48.520077
66,海澜之家 半身裙,8,海澜之家,高品质半身裙，海澜之家出品，品质保证,5451.41,7723.40,2448.41,93,29889,945354,18493,4.5,701,https://cdn.example.com/products/66/main.jpg,"{https://cdn.example.com/products/66/1.jpg,https://cdn.example.com/products/66/2.jpg,https://cdn.example.com/products/66/3.jpg,https://cdn.example.com/products/66/4.jpg}",on_sale,f,2025-12-17 01:59:24.520077,2025-12-26 16:09:57.520077
67,限定伊利 大米,84,伊利,高品质大米，伊利出品，品质保证,305.44,312.10,116.22,4533,27215,1133133,17700,4.2,1489,https://cdn.example.com/products/67/main.jpg,"{https://cdn.example.com/products/67/1.jpg,https://cdn.example.com/products/67/2.jpg,https://cdn.example.com/products/67/3.jpg,https://cdn.example.com/products/67/4.jpg}",on_sale,f,2025-12-10 15:01:19.520077,2025-12-23 02:37:12.520077
68,耐克 拉力带,141,耐克,耐克官方正品，支持七天无理由退换,253.90,260.84,108.80,4278,17489,371140,20374,4.4,103,https://cdn.example.com/products/68/main.jpg,"{https://cdn.example.com/products/68/1.jpg,https://cdn.example.com/products/68/2.jpg,https://cdn.example.com/products/68/3.jpg,https://cdn.example.com/products/68/4.jpg,https://cdn.example.com/products/68/5.jpg,https://cdn.example.com/products/68/6.jpg,https://cdn.example.com/products/68/7.jpg}",on_sale,f,2025-10-29 03:45:45.520077,2025-11-01 05:01:16.520077
69,限定OPPO 数据线,38,OPPO,高品质数据线，OPPO出品，品质保证,13.23,14.03,4.95,3578,46436,1969629,25250,3.9,649,https://cdn.example.com/products/69/main.jpg,"{https://cdn.example.com/products/69/1.jpg,https://cdn.example.com/products/69/2.jpg,https://cdn.example.com/products/69/3.jpg,https://cdn.example.com/products/69/4.jpg,https://cdn.example.com/products/69/5.jpg,https://cdn.example.com/products/69/6.jpg,https://cdn.example.com/products/69/7.jpg,https://cdn.example.com/products/69/8.jpg}",pre_sale,f,2026-01-07 11:55:36.520077,2026-01-18 15:13:26.520077
70,经典ZARA 裤子,7,ZARA,爆款裤子，销量领先，好评如潮,29.21,32.17,13.84,3665,10633,217524,442,3.8,483,https://cdn.example.com/products/70/main.jpg,"{https://cdn.example.com/products/70/1.jpg,https://cdn.example.com/products/70/2.jpg,https://cdn.example.com/products/70/3.jpg,https://cdn.example.com/products/70/4.jpg,https://cdn.example.com/products/70/5.jpg,https://cdn.example.com/products/70/6.jpg,https://cdn.example.com/products/70/7.jpg}",on_sale,t,2026-01-13 05:22:20.520077,2026-01-22 21:00:13.520077
71,限定九阳 刀具,102,九阳,爆款刀具，销量领先，好评如潮,7174.23,9226.85,4726.45,2459,4530,140501,8006,4.3,438,https://cdn.example.com/products/71/main.jpg,"{https://cdn.example.com/products/71/1.jpg,https://cdn.example.com/products/71/2.jpg,https://cdn.example.com/products/71/3.jpg,https://cdn.example.com/products/71/4.jpg,https://cdn.example.com/products/71/5.jpg,https://cdn.example.com/products/71/6.jpg,https://cdn.example.com/products/71/7.jpg,https://cdn.example.com/products/71/8.jpg}",pre_sale,f,2025-11-04 09:52:45.520077,2025-11-22 05:23:12.520077
72,热卖彪马 帐篷,143,彪马,高品质帐篷，彪马出品，品质保证,50.23,82.58,34.91,2145,9857,358240,16192,4.3,238,https://cdn.example.com/products/72/main.jpg,"{https://cdn.example.com/products/72/1.jpg,https://cdn.example.com/products/72/2.jpg,https://cdn.example.com/products/72/3.jpg}",on_sale,f,2025-12-01 15:09:24.520077,2026-01-07 06:15:33.520077
73,限定海澜之家 衬衫,11,海澜之家,海澜之家官方正品，支持七天无理由退换,73.92,91.76,47.97,640,140,6941,92,4.7,6,https://cdn.example.com/products/73/main.jpg,"{https://cdn.example.com/products/73/1.jpg,https://cdn.example.com/products/73/2.jpg,https://cdn.example.com/products/73/3.jpg,https://cdn.example.com/products/73/4.jpg,https://cdn.example.com/products/73/5.jpg,https://cdn.example.com/products/73/6.jpg,https://cdn.example.com/products/73/7.jpg}",on_sale,f,2026-01-02 20:07:04.520077,2026-01-14 20:16:43.520077
74,新款三星 游戏手机,29,三星,精选材质，舒适耐用，性价比之选,477.95,551.65,320.41,3549,32022,1187569,43902,4.8,413,https://cdn.example.com/products/74/main.jpg,"{https://cdn.example.com/products/74/1.jpg,https://cdn.example.com/products/74/2.jpg,https://cdn.example.com/products/74/3.jpg,https://cdn.example.com/products/74/4.jpg,https://cdn.example.com/products/74/5.jpg,https://cdn.example.com/products/74/6.jpg,https://cdn.example.com/products/74/7.jpg}",on_sale,f,2025-12-04 17:01:21.520077,2026-01-13 23:13:19.520077
75,美的 垃圾袋,107,美的,美的官方正品，支持七天无理由退换,4368.89,4569.29,2002.78,3048,739,18589,202,4.0,29,https://cdn.example.com/products/75/main.jpg,"{https://cdn.example.com/products/75/1.jpg,https://cdn.example.com/products/75/2.jpg,https://cdn.example.com/products/75/3.jpg,https://cdn.example.com/products/75/4.jpg,https://cdn.example.com/products/75/5.jpg}",on_sale,f,2025-12-03 04:08:21.520077,2025-12-14 04:00:11.520077
76,精选苏泊尔 榨汁机,157,苏泊尔,精选材质，舒适耐用，性价比之选,236.13,388.81,139.47,3587,10627,385059,11209,3.6,645,https://cdn.example.com/products/76/main.jpg,"{https://cdn.example.com/products/76/1.jpg,https://cdn.example.com/products/76/2.jpg,https://cdn.example.com/products/76/3.jpg,https://cdn.example.com/products/76/4.jpg}",pre_sale,f,2026-01-21 13:33:21.520077,2026-01-24 11:06:30.520077
77,经典德尔玛 毛巾,91,德尔玛,德尔玛官方正品，支持七天无理由退换,43.06,66.78,27.48,450,10560,233136,649,4.8,4,https://cdn.example.com/products/77/main.jpg,"{https://cdn.example.com/products/77/1.jpg,https://cdn.example.com/products/77/2.jpg,https://cdn.example.com/products/77/3.jpg,https://cdn.example.com/products/77/4.jpg}",off_sale,f,2025-11-08 11:37:50.520077,2025-11-11 05:04:22.520077
78,经典vivo 笔记本,31,vivo,精选材质，舒适耐用，性价比之选,6639.79,7078.45,4501.04,3715,46952,827118,19088,3.6,3452,https://cdn.example.com/products/78/main.jpg,"{https://cdn.example.com/products/78/1.jpg,https://cdn.example.com/products/78/2.jpg,https://cdn.example.com/products/78/3.jpg,https://cdn.example.com/products/78/4.jpg,https://cdn.example.com/products/78/5.jpg,https://cdn.example.com/products/78/6.jpg,https://cdn.example.com/products/78/7.jpg}",on_sale,f,2025-11-09 01:03:53.520077,2025-11-25 19:39:36.520077
79,限定安踏 运动T恤,134,安踏,爆款运动T恤，销量领先，好评如潮,48.70,74.76,24.07,3975,10423,180274,16163,4.4,1008,https://cdn.example.com/products/79/main.jpg,"{https://cdn.example.com/products/79/1.jpg,https://cdn.example.com/products/79/2.jpg,https://cdn.example.com/products/79/3.jpg,https://cdn.example.com/products/79/4.jpg,https://cdn.example.com/products/79/5.jpg,https://cdn.example.com/products/79/6.jpg}",sold_out,f,2025-12-11 08:15:46.520077,2026-01-07 10:52:01.520077
80,限定格力 油烟机,159,格力,格力官方正品，支持七天无理由退换,5297.22,7880.89,1611.17,3273,44026,1485487,34332,4.3,4086,https://cdn.example.com/products/80/main.jpg,"{https://cdn.example.com/products/80/1.jpg,https://cdn.example.com/products/80/2.jpg,https://cdn.example.com/products/80/3.jpg,https://cdn.example.com/products/80/4.jpg}",on_sale,f,2025-11-30 07:57:31.520077,2025-12-01 15:27:43.520077
81,经典森马 裤子,17,森马,高品质裤子，森马出品，品质保证,1867.25,1887.10,573.08,2937,47716,2315605,24087,4.2,936,https://cdn.example.com/products/81/main.jpg,"{https://cdn.example.com/products/81/1.jpg,https://cdn.example.com/products/81/2.jpg,https://cdn.example.com/products/81/3.jpg,https://cdn.example.com/products/81/4.jpg,https://cdn.example.com/products/81/5.jpg,https://cdn.example.com/products/81/6.jpg}",on_sale,f,2025-12-06 09:13:05.520077,2025-12-13 14:51:00.520077
82,经典耐克 睡袋,145,耐克,高品质睡袋，耐克出品，品质保证,47.99,56.05,29.79,2975,24266,362626,10614,4.6,370,https://cdn.example.com/products/82/main.jpg,"{https://cdn.example.com/products/82/1.jpg,https://cdn.example.com/products/82/2.jpg,https://cdn.example.com/products/82/3.jpg,https://cdn.example.com/products/82/4.jpg,https://cdn.example.com/products/82/5.jpg,https://cdn.example.com/products/82/6.jpg}",on_sale,f,2025-12-14 13:51:07.520077,2026-01-18 05:36:36.520077
83,经典森马 外套,19,森马,森马官方正品，支持七天无理由退换,164.95,259.80,76.53,42,27117,1203468,37925,4.6,1759,https://cdn.example.com/products/83/main.jpg,"{https://cdn.example.com/products/83/1.jpg,https://cdn.example.com/products/83/2.jpg,https://cdn.example.com/products/83/3.jpg,https://cdn.example.com/products/83/4.jpg,https://cdn.example.com/products/83/5.jpg,https://cdn.example.com/products/83/6.jpg,https://cdn.example.com/products/83/7.jpg,https://cdn.example.com/products/83/8.jpg}",on_sale,f,2025-11-06 13:32:11.520077,2026-01-15 06:31:42.520077
84,精选vivo 充电器,36,vivo,高品质充电器，vivo出品，品质保证,70.36,92.24,45.54,3726,33160,1217201,41433,5.0,509,https://cdn.example.com/products/84/main.jpg,"{https://cdn.example.com/products/84/1.jpg,https://cdn.example.com/products/84/2.jpg,https://cdn.example.com/products/84/3.jpg,https://cdn.example.com/products/84/4.jpg}",sold_out,f,2025-11-25 23:45:57.520077,2025-12-18 06:59:50.520077
85,优质耐克 哑铃,138,耐克,高品质哑铃，耐克出品，品质保证,139.80,156.37,71.60,4796,45069,1297294,87961,4.0,1834,https://cdn.example.com/products/85/main.jpg,"{https://cdn.example.com/products/85/1.jpg,https://cdn.example.com/products/85/2.jpg,https://cdn.example.com/products/85/3.jpg,https://cdn.example.com/products/85/4.jpg,https://cdn.example.com/products/85/5.jpg}",on_sale,f,2026-01-14 01:18:10.520077,2026-01-19 16:54:42.520077
86,优衣库 内裤,22,优衣库,爆款内裤，销量领先，好评如潮,828.18,836.06,435.84,4667,34569,665547,22661,4.9,1104,https://cdn.example.com/products/86/main.jpg,"{https://cdn.example.com/products/86/1.jpg,https://cdn.example.com/products/86/2.jpg,https://cdn.example.com/products/86/3.jpg}",on_sale,f,2026-01-17 02:24:08.520077,2026-01-20 14:45:26.520077
87,完美日记 防晒,49,完美日记,完美日记官方正品，支持七天无理由退换,6394.79,9176.52,4141.73,2270,43625,430669,4789,3.9,1354,https://cdn.example.com/products/87/main.jpg,"{https://cdn.example.com/products/87/1.jpg,https://cdn.example.com/products/87/2.jpg,https://cdn.example.com/products/87/3.jpg,https://cdn.example.com/products/87/4.jpg,https://cdn.example.com/products/87/5.jpg,https://cdn.example.com/products/87/6.jpg}",sold_out,f,2025-11-29 06:36:43.520077,2025-12-26 21:26:51.520077
88,优质耐克 拉力带,141,耐克,精选材质，舒适耐用，性价比之选,229.34,274.76,130.36,2338,25705,328515,3981,4.7,438,https://cdn.example.com/products/88/main.jpg,"{https://cdn.example.com/products/88/1.jpg,https://cdn.example.com/products/88/2.jpg,https://cdn.example.com/products/88/3.jpg}",on_sale,f,2025-12-17 04:41:34.520077,2026-01-07 21:05:25.520077
89,限定百草味 饼干,68,百草味,爆款饼干，销量领先，好评如潮,325.74,327.32,213.38,282,19548,479455,9675,4.3,638,https://cdn.example.com/products/89/main.jpg,"{https://cdn.example.com/products/89/1.jpg,https://cdn.example.com/products/89/2.jpg,https://cdn.example.com/products/89/3.jpg,https://cdn.example.com/products/89/4.jpg,https://cdn.example.com/products/89/5.jpg,https://cdn.example.com/products/89/6.jpg,https://cdn.example.com/products/89/7.jpg}",on_sale,f,2026-01-16 06:39:12.520077,2026-01-19 05:48:17.520077
90,限定雅培 毛绒玩具,120,雅培,爆款毛绒玩具，销量领先，好评如潮,468.88,686.81,154.27,268,37096,762912,672,4.8,1945,https://cdn.example.com/products/90/main.jpg,"{https://cdn.example.com/products/90/1.jpg,https://cdn.example.com/products/90/2.jpg,https://cdn.example.com/products/90/3.jpg,https://cdn.example.com/products/90/4.jpg,https://cdn.example.com/products/90/5.jpg,https://cdn.example.com/products/90/6.jpg}",on_sale,f,2025-11-16 21:22:30.520077,2026-01-21 05:54:09.520077
91,热卖小米有品 衣架,96,小米有品,高品质衣架，小米有品出品，品质保证,462.79,475.85,274.25,1022,39468,414280,32886,4.9,3164,https://cdn.example.com/products/91/main.jpg,"{https://cdn.example.com/products/91/1.jpg,https://cdn.example.com/products/91/2.jpg,https://cdn.example.com/products/91/3.jpg,https://cdn.example.com/products/91/4.jpg,https://cdn.example.com/products/91/5.jpg,https://cdn.example.com/products/91/6.jpg}",sold_out,f,2025-12-24 20:49:47.520077,2026-01-13 15:09:20.520077
92,良品铺子 糖果,69,良品铺子,爆款糖果，销量领先，好评如潮,470.35,517.28,252.67,4919,11486,370644,6204,4.5,548,https://cdn.example.com/products/92/main.jpg,"{https://cdn.example.com/products/92/1.jpg,https://cdn.example.com/products/92/2.jpg,https://cdn.example.com/products/92/3.jpg,https://cdn.example.com/products/92/4.jpg}",on_sale,f,2025-12-23 06:44:45.520077,2026-01-11 14:19:40.520077
93,九阳 电饭煲,154,九阳,九阳官方正品，支持七天无理由退换,709.54,1164.88,292.77,3315,31343,86187,61486,4.3,2562,https://cdn.example.com/products/93/main.jpg,"{https://cdn.example.com/products/93/1.jpg,https://cdn.example.com/products/93/2.jpg,https://cdn.example.com/products/93/3.jpg,https://cdn.example.com/products/93/4.jpg,https://cdn.example.com/products/93/5.jpg,https://cdn.example.com/products/93/6.jpg}",on_sale,f,2025-11-16 12:23:39.520077,2025-12-13 19:39:22.520077
94,经典小米 冰箱,149,小米,高品质冰箱，小米出品，品质保证,223.56,244.69,81.11,3851,44914,1825373,77516,3.9,1600,https://cdn.example.com/products/94/main.jpg,"{https://cdn.example.com/products/94/1.jpg,https://cdn.example.com/products/94/2.jpg,https://cdn.example.com/products/94/3.jpg,https://cdn.example.com/products/94/4.jpg,https://cdn.example.com/products/94/5.jpg,https://cdn.example.com/products/94/6.jpg}",off_sale,f,2025-12-11 06:09:22.520077,2026-01-09 19:00:41.520077
95,森马 衬衫,5,森马,高品质衬衫，森马出品，品质保证,13.71,21.15,8.50,217,13074,287142,6839,4.5,97,https://cdn.example.com/products/95/main.jpg,"{https://cdn.example.com/products/95/1.jpg,https://cdn.example.com/products/95/2.jpg,https://cdn.example.com/products/95/3.jpg,https://cdn.example.com/products/95/4.jpg,https://cdn.example.com/products/95/5.jpg,https://cdn.example.com/products/95/6.jpg,https://cdn.example.com/products/95/7.jpg}",on_sale,f,2026-01-18 20:03:08.520077,2026-01-21 08:31:50.520077
96,时尚完美日记 面膜,47,完美日记,高品质面膜，完美日记出品，品质保证,135.89,218.87,78.16,2853,31096,191224,60986,3.6,1321,https://cdn.example.com/products/96/main.jpg,"{https://cdn.example.com/products/96/1.jpg,https://cdn.example.com/products/96/2.jpg,https://cdn.example.com/products/96/3.jpg,https://cdn.example.com/products/96/4.jpg,https://cdn.example.com/products/96/5.jpg,https://cdn.example.com/products/96/6.jpg,https://cdn.example.com/products/96/7.jpg}",off_sale,f,2025-11-26 02:31:40.520077,2026-01-05 10:07:06.520077
97,新款九阳 收纳箱,95,九阳,精选材质，舒适耐用，性价比之选,7592.72,9658.90,2423.12,2336,35937,148679,71812,4.0,3256,https://cdn.example.com/products/97/main.jpg,"{https://cdn.example.com/products/97/1.jpg,https://cdn.example.com/products/97/2.jpg,https://cdn.example.com/products/97/3.jpg,https://cdn.example.com/products/97/4.jpg}",on_sale,f,2026-01-05 16:29:52.520077,2026-01-21 05:49:24.520077
98,时尚欧莱雅 中性香水,59,欧莱雅,高品质中性香水，欧莱雅出品，品质保证,5675.20,7692.05,1989.16,2906,8388,116423,5273,3.8,493,https://cdn.example.com/products/98/main.jpg,"{https://cdn.example.com/products/98/1.jpg,https://cdn.example.com/products/98/2.jpg,https://cdn.example.com/products/98/3.jpg,https://cdn.example.com/products/98/4.jpg,https://cdn.example.com/products/98/5.jpg,https://cdn.example.com/products/98/6.jpg,https://cdn.example.com/products/98/7.jpg,https://cdn.example.com/products/98/8.jpg}",sold_out,f,2026-01-23 18:48:55.520077,2026-01-24 19:24:17.520077
99,优质百雀羚 洁面,48,百雀羚,爆款洁面，销量领先，好评如潮,220.61,307.20,124.93,2406,40622,781294,68454,4.3,3141,https://cdn.example.com/products/99/main.jpg,"{https://cdn.example.com/products/99/1.jpg,https://cdn.example.com/products/99/2.jpg,https://cdn.example.com/products/99/3.jpg,https://cdn.example.com/products/99/4.jpg,https://cdn.example.com/products/99/5.jpg,https://cdn.example.com/products/99/6.jpg}",on_sale,f,2025-12-02 04:03:18.520077,2025-12-10 09:06:00.520077
100,新款苏泊尔 窗帘,92,苏泊尔,苏泊尔官方正品，支持七天无理由退换,25.81,26.47,8.33,1666,4665,174233,3914,4.3,178,https://cdn.example.com/products/100/main.jpg,"{https://cdn.example.com/products/100/1.jpg,https://cdn.example.com/products/100/2.jpg,https://cdn.example.com/products/100/3.jpg,https://cdn.example.com/products/100/4.jpg,https://cdn.example.com/products/100/5.jpg,https://cdn.example.com/products/100/6.jpg,https://cdn.example.com/products/100/7.jpg,https://cdn.example.com/products/100/8.jpg}",on_sale,f,2025-12-21 13:15:50.520077,2025-12-30 10:19:43.520077
101,限定格力 消毒柜,162,格力,爆款消毒柜，销量领先，好评如潮,1438.96,1698.40,638.80,1942,39861,585809,78529,4.0,1330,https://cdn.example.com/products/101/main.jpg,"{https://cdn.example.com/products/101/1.jpg,https://cdn.example.com/products/101/2.jpg,https://cdn.example.com/products/101/3.jpg}",off_sale,f,2026-01-05 11:13:17.520077,2026-01-08 22:12:18.520077
102,热卖耐克 拉力带,141,耐克,精选材质，舒适耐用，性价比之选,976.27,1084.59,389.92,2563,37853,975446,26271,4.7,493,https://cdn.example.com/products/102/main.jpg,"{https://cdn.example.com/products/102/1.jpg,https://cdn.example.com/products/102/2.jpg,https://cdn.example.com/products/102/3.jpg,https://cdn.example.com/products/102/4.jpg,https://cdn.example.com/products/102/5.jpg,https://cdn.example.com/products/102/6.jpg}",on_sale,f,2025-12-17 08:58:36.520077,2026-01-01 06:57:50.520077
103,限定农夫山泉 肉类,81,农夫山泉,爆款肉类，销量领先，好评如潮,1253.52,1900.97,392.44,697,22292,980107,27011,4.4,1107,https://cdn.example.com/products/103/main.jpg,"{https://cdn.example.com/products/103/1.jpg,https://cdn.example.com/products/103/2.jpg,https://cdn.example.com/products/103/3.jpg,https://cdn.example.com/products/103/4.jpg,https://cdn.example.com/products/103/5.jpg,https://cdn.example.com/products/103/6.jpg}",on_sale,f,2025-12-14 05:04:20.520077,2025-12-23 01:05:03.520077
104,精选九阳 地毯,93,九阳,爆款地毯，销量领先，好评如潮,53.51,65.42,17.34,949,23719,221221,39836,4.4,1220,https://cdn.example.com/products/104/main.jpg,"{https://cdn.example.com/products/104/1.jpg,https://cdn.example.com/products/104/2.jpg,https://cdn.example.com/products/104/3.jpg,https://cdn.example.com/products/104/4.jpg,https://cdn.example.com/products/104/5.jpg}",on_sale,f,2025-12-12 07:32:37.520077,2026-01-19 21:26:03.520077
105,优质德尔玛 拖把,108,德尔玛,德尔玛官方正品，支持七天无理由退换,21.54,26.24,14.54,21,10019,252619,2690,3.6,931,https://cdn.example.com/products/105/main.jpg,"{https://cdn.example.com/products/105/1.jpg,https://cdn.example.com/products/105/2.jpg,https://cdn.example.com/products/105/3.jpg,https://cdn.example.com/products/105/4.jpg}",on_sale,f,2025-12-20 08:46:35.520077,2026-01-16 13:25:40.520077
106,优质GXG 上衣,16,GXG,爆款上衣，销量领先，好评如潮,110.02,164.41,34.36,3981,9518,67634,2978,4.3,927,https://cdn.example.com/products/106/main.jpg,"{https://cdn.example.com/products/106/1.jpg,https://cdn.example.com/products/106/2.jpg,https://cdn.example.com/products/106/3.jpg}",on_sale,f,2025-11-11 07:16:39.520077,2026-01-07 16:34:04.520077
107,时尚良品铺子 饼干,68,良品铺子,高品质饼干，良品铺子出品，品质保证,61.97,67.09,37.50,3400,38914,363930,40611,4.8,999,https://cdn.example.com/products/107/main.jpg,"{https://cdn.example.com/products/107/1.jpg,https://cdn.example.com/products/107/2.jpg,https://cdn.example.com/products/107/3.jpg,https://cdn.example.com/products/107/4.jpg,https://cdn.example.com/products/107/5.jpg}",on_sale,f,2025-12-26 20:04:38.520077,2026-01-03 13:50:55.520077
108,经典九阳 床上用品,90,九阳,精选材质，舒适耐用，性价比之选,38.10,47.56,18.29,2402,23898,324143,43846,4.8,694,https://cdn.example.com/products/108/main.jpg,"{https://cdn.example.com/products/108/1.jpg,https://cdn.example.com/products/108/2.jpg,https://cdn.example.com/products/108/3.jpg,https://cdn.example.com/products/108/4.jpg,https://cdn.example.com/products/108/5.jpg,https://cdn.example.com/products/108/6.jpg,https://cdn.example.com/products/108/7.jpg,https://cdn.example.com/products/108/8.jpg}",pre_sale,f,2025-12-25 17:40:09.520077,2026-01-13 08:42:07.520077
109,百草味 肉类,81,百草味,高品质肉类，百草味出品，品质保证,359.20,365.28,146.43,2925,14798,234998,9306,4.0,394,https://cdn.example.com/products/109/main.jpg,"{https://cdn.example.com/products/109/1.jpg,https://cdn.example.com/products/109/2.jpg,https://cdn.example.com/products/109/3.jpg,https://cdn.example.com/products/109/4.jpg,https://cdn.example.com/products/109/5.jpg,https://cdn.example.com/products/109/6.jpg,https://cdn.example.com/products/109/7.jpg,https://cdn.example.com/products/109/8.jpg}",pre_sale,f,2025-11-09 20:59:57.520077,2026-01-19 08:29:26.520077
110,热卖海澜之家 裤子,7,海澜之家,海澜之家官方正品，支持七天无理由退换,161.03,192.55,92.96,850,39944,1902688,1716,4.2,2620,https://cdn.example.com/products/110/main.jpg,"{https://cdn.example.com/products/110/1.jpg,https://cdn.example.com/products/110/2.jpg,https://cdn.example.com/products/110/3.jpg,https://cdn.example.com/products/110/4.jpg,https://cdn.example.com/products/110/5.jpg}",on_sale,f,2025-11-21 07:23:45.520077,2025-12-20 20:26:14.520077
111,苹果 智能音箱,42,苹果,苹果官方正品，支持七天无理由退换,6067.71,9828.09,2083.67,463,42279,1911279,26296,3.8,1519,https://cdn.example.com/products/111/main.jpg,"{https://cdn.example.com/products/111/1.jpg,https://cdn.example.com/products/111/2.jpg,https://cdn.example.com/products/111/3.jpg,https://cdn.example.com/products/111/4.jpg,https://cdn.example.com/products/111/5.jpg,https://cdn.example.com/products/111/6.jpg}",on_sale,f,2025-12-18 19:32:48.520077,2026-01-03 07:59:56.520077
112,戴森 电视,152,戴森,爆款电视，销量领先，好评如潮,1482.22,1675.72,778.46,3690,37417,715123,27409,4.8,3340,https://cdn.example.com/products/112/main.jpg,"{https://cdn.example.com/products/112/1.jpg,https://cdn.example.com/products/112/2.jpg,https://cdn.example.com/products/112/3.jpg}",off_sale,t,2025-12-04 06:32:12.520077,2026-01-22 02:03:24.520077
113,热卖vivo 老人机,28,vivo,精选材质，舒适耐用，性价比之选,4272.09,4404.72,2126.37,3228,3299,162053,162,4.4,177,https://cdn.example.com/products/113/main.jpg,"{https://cdn.example.com/products/113/1.jpg,https://cdn.example.com/products/113/2.jpg,https://cdn.example.com/products/113/3.jpg,https://cdn.example.com/products/113/4.jpg,https://cdn.example.com/products/113/5.jpg,https://cdn.example.com/products/113/6.jpg,https://cdn.example.com/products/113/7.jpg}",on_sale,f,2025-11-10 10:00:27.520077,2025-11-11 21:48:56.520077
114,新款完美日记 中性香水,59,完美日记,高品质中性香水，完美日记出品，品质保证,33.03,49.02,11.73,940,32840,1457719,22780,3.8,1650,https://cdn.example.com/products/114/main.jpg,"{https://cdn.example.com/products/114/1.jpg,https://cdn.example.com/products/114/2.jpg,https://cdn.example.com/products/114/3.jpg}",off_sale,t,2026-01-24 22:25:15.520077,2026-01-24 22:28:42.520077
115,精选欧莱雅 粉底,52,欧莱雅,精选材质，舒适耐用，性价比之选,5719.17,5732.86,3432.96,4377,49851,1270559,30517,4.6,3827,https://cdn.example.com/products/115/main.jpg,"{https://cdn.example.com/products/115/1.jpg,https://cdn.example.com/products/115/2.jpg,https://cdn.example.com/products/115/3.jpg,https://cdn.example.com/products/115/4.jpg}",on_sale,f,2025-12-30 23:27:49.520077,2026-01-03 17:32:30.520077
116,新款洽洽 坚果,67,洽洽,精选材质，舒适耐用，性价比之选,69.10,115.14,22.00,2545,44968,1916005,25201,3.5,2651,https://cdn.example.com/products/116/main.jpg,"{https://cdn.example.com/products/116/1.jpg,https://cdn.example.com/products/116/2.jpg,https://cdn.example.com/products/116/3.jpg,https://cdn.example.com/products/116/4.jpg}",on_sale,t,2025-11-10 05:09:41.520077,2025-12-24 17:12:03.520077
117,新款蒙牛 蜜饯,71,蒙牛,爆款蜜饯，销量领先，好评如潮,61.17,87.94,28.62,2763,34365,1192377,19591,3.8,1644,https://cdn.example.com/products/117/main.jpg,"{https://cdn.example.com/products/117/1.jpg,https://cdn.example.com/products/117/2.jpg,https://cdn.example.com/products/117/3.jpg,https://cdn.example.com/products/117/4.jpg,https://cdn.example.com/products/117/5.jpg,https://cdn.example.com/products/117/6.jpg}",on_sale,f,2025-12-17 19:41:17.520077,2025-12-31 07:28:58.520077
118,优质统一 碳酸饮料,75,统一,统一官方正品，支持七天无理由退换,65.25,68.52,20.53,4691,49010,2059819,71031,4.1,4017,https://cdn.example.com/products/118/main.jpg,"{https://cdn.example.com/products/118/1.jpg,https://cdn.example.com/products/118/2.jpg,https://cdn.example.com/products/118/3.jpg,https://cdn.example.com/products/118/4.jpg,https://cdn.example.com/products/118/5.jpg,https://cdn.example.com/products/118/6.jpg}",on_sale,f,2025-11-06 19:28:52.520077,2026-01-19 14:57:28.520077
119,限定森马 裤子,13,森马,森马官方正品，支持七天无理由退换,4008.09,5818.96,2613.17,932,29819,177773,6763,4.6,321,https://cdn.example.com/products/119/main.jpg,"{https://cdn.example.com/products/119/1.jpg,https://cdn.example.com/products/119/2.jpg,https://cdn.example.com/products/119/3.jpg,https://cdn.example.com/products/119/4.jpg,https://cdn.example.com/products/119/5.jpg,https://cdn.example.com/products/119/6.jpg}",on_sale,f,2025-11-03 14:03:06.520077,2025-12-15 20:14:37.520077
120,经典雅培 学步车,126,雅培,高品质学步车，雅培出品，品质保证,7129.98,7147.42,3563.19,4945,18501,272496,34022,4.0,1770,https://cdn.example.com/products/120/main.jpg,"{https://cdn.example.com/products/120/1.jpg,https://cdn.example.com/products/120/2.jpg,https://cdn.example.com/products/120/3.jpg,https://cdn.example.com/products/120/4.jpg}",on_sale,f,2026-01-11 04:15:03.520077,2026-01-21 05:52:05.520077
121,时尚SK-II 口红,51,SK-II,SK-II官方正品，支持七天无理由退换,4496.12,7376.32,1546.37,4779,655,8738,1027,3.8,58,https://cdn.example.com/products/121/main.jpg,"{https://cdn.example.com/products/121/1.jpg,https://cdn.example.com/products/121/2.jpg,https://cdn.example.com/products/121/3.jpg,https://cdn.example.com/products/121/4.jpg,https://cdn.example.com/products/121/5.jpg}",on_sale,f,2025-11-02 22:44:08.520077,2025-11-11 10:23:55.520077
122,优质SK-II 精华,46,SK-II,爆款精华，销量领先，好评如潮,4600.13,5554.90,1600.76,2428,45373,1790955,16311,4.3,367,https://cdn.example.com/products/122/main.jpg,"{https://cdn.example.com/products/122/1.jpg,https://cdn.example.com/products/122/2.jpg,https://cdn.example.com/products/122/3.jpg,https://cdn.example.com/products/122/4.jpg,https://cdn.example.com/products/122/5.jpg,https://cdn.example.com/products/122/6.jpg,https://cdn.example.com/products/122/7.jpg}",on_sale,t,2025-10-30 07:16:27.520077,2026-01-23 20:23:48.520077
123,限定格力 吹风机,156,格力,高品质吹风机，格力出品，品质保证,75.38,120.10,36.48,3037,26786,102777,31547,4.6,1921,https://cdn.example.com/products/123/main.jpg,"{https://cdn.example.com/products/123/1.jpg,https://cdn.example.com/products/123/2.jpg,https://cdn.example.com/products/123/3.jpg,https://cdn.example.com/products/123/4.jpg}",on_sale,f,2025-11-27 18:22:13.520077,2025-12-19 03:51:15.520077
124,限定伊利 蜜饯,71,伊利,高品质蜜饯，伊利出品，品质保证,5847.48,9031.50,2483.55,4163,47507,1911886,42909,3.7,4580,https://cdn.example.com/products/124/main.jpg,"{https://cdn.example.com/products/124/1.jpg,https://cdn.example.com/products/124/2.jpg,https://cdn.example.com/products/124/3.jpg,https://cdn.example.com/products/124/4.jpg,https://cdn.example.com/products/124/5.jpg,https://cdn.example.com/products/124/6.jpg}",on_sale,f,2025-11-15 02:14:29.520077,2025-11-28 08:49:45.520077
125,优质帮宝适 婴儿推车,124,帮宝适,帮宝适官方正品，支持七天无理由退换,4774.87,5008.00,3067.72,4934,16191,575307,30174,4.8,1461,https://cdn.example.com/products/125/main.jpg,"{https://cdn.example.com/products/125/1.jpg,https://cdn.example.com/products/125/2.jpg,https://cdn.example.com/products/125/3.jpg}",on_sale,f,2025-11-17 15:26:00.520077,2025-12-19 08:21:25.520077
126,百草味 坚果,67,百草味,爆款坚果，销量领先，好评如潮,303.15,479.12,203.58,2130,35927,1709867,65172,4.0,1832,https://cdn.example.com/products/126/main.jpg,"{https://cdn.example.com/products/126/1.jpg,https://cdn.example.com/products/126/2.jpg,https://cdn.example.com/products/126/3.jpg,https://cdn.example.com/products/126/4.jpg}",on_sale,f,2025-11-27 21:56:51.520077,2025-12-08 20:55:07.520077
127,经典欧莱雅 精华,46,欧莱雅,爆款精华，销量领先，好评如潮,94.01,97.00,59.31,503,1415,43879,1463,4.3,69,https://cdn.example.com/products/127/main.jpg,"{https://cdn.example.com/products/127/1.jpg,https://cdn.example.com/products/127/2.jpg,https://cdn.example.com/products/127/3.jpg,https://cdn.example.com/products/127/4.jpg,https://cdn.example.com/products/127/5.jpg}",on_sale,f,2025-12-09 08:42:52.520077,2026-01-11 12:37:59.520077
128,经典珀莱雅 防晒,49,珀莱雅,珀莱雅官方正品，支持七天无理由退换,7870.56,8056.74,4446.16,1905,39276,334611,6061,4.7,3562,https://cdn.example.com/products/128/main.jpg,"{https://cdn.example.com/products/128/1.jpg,https://cdn.example.com/products/128/2.jpg,https://cdn.example.com/products/128/3.jpg,https://cdn.example.com/products/128/4.jpg,https://cdn.example.com/products/128/5.jpg,https://cdn.example.com/products/128/6.jpg,https://cdn.example.com/products/128/7.jpg}",on_sale,f,2025-12-09 20:49:49.520077,2026-01-04 03:58:19.520077
129,限定GXG 卫衣,14,GXG,高品质卫衣，GXG出品，品质保证,5749.20,6825.44,3743.25,735,45726,223342,47971,3.8,906,https://cdn.example.com/products/129/main.jpg,"{https://cdn.example.com/products/129/1.jpg,https://cdn.example.com/products/129/2.jpg,https://cdn.example.com/products/129/3.jpg,https://cdn.example.com/products/129/4.jpg,https://cdn.example.com/products/129/5.jpg,https://cdn.example.com/products/129/6.jpg,https://cdn.example.com/products/129/7.jpg}",on_sale,f,2026-01-06 01:04:10.520077,2026-01-12 02:40:05.520077
130,热卖好奇 毛绒玩具,120,好奇,精选材质，舒适耐用，性价比之选,216.34,352.18,127.20,807,7099,294309,2198,5.0,76,https://cdn.example.com/products/130/main.jpg,"{https://cdn.example.com/products/130/1.jpg,https://cdn.example.com/products/130/2.jpg,https://cdn.example.com/products/130/3.jpg,https://cdn.example.com/products/130/4.jpg,https://cdn.example.com/products/130/5.jpg,https://cdn.example.com/products/130/6.jpg,https://cdn.example.com/products/130/7.jpg}",on_sale,f,2025-11-10 17:24:46.520077,2025-12-29 22:35:33.520077
131,优质安踏 哑铃,138,安踏,精选材质，舒适耐用，性价比之选,359.90,409.82,128.64,3683,29030,1224312,35255,4.8,1313,https://cdn.example.com/products/131/main.jpg,"{https://cdn.example.com/products/131/1.jpg,https://cdn.example.com/products/131/2.jpg,https://cdn.example.com/products/131/3.jpg,https://cdn.example.com/products/131/4.jpg,https://cdn.example.com/products/131/5.jpg,https://cdn.example.com/products/131/6.jpg}",off_sale,f,2025-11-30 05:22:01.520077,2025-12-23 00:16:46.520077
132,限定ZARA 衬衫,5,ZARA,ZARA官方正品，支持七天无理由退换,2286.71,3760.06,715.34,3145,48574,1820849,60725,4.4,1337,https://cdn.example.com/products/132/main.jpg,"{https://cdn.example.com/products/132/1.jpg,https://cdn.example.com/products/132/2.jpg,https://cdn.example.com/products/132/3.jpg,https://cdn.example.com/products/132/4.jpg}",on_sale,f,2025-10-31 01:52:55.520077,2025-12-09 01:35:03.520077
133,热卖好孩子 益智玩具,119,好孩子,高品质益智玩具，好孩子出品，品质保证,258.34,417.37,178.59,308,41700,1551295,42357,4.7,2455,https://cdn.example.com/products/133/main.jpg,"{https://cdn.example.com/products/133/1.jpg,https://cdn.example.com/products/133/2.jpg,https://cdn.example.com/products/133/3.jpg,https://cdn.example.com/products/133/4.jpg,https://cdn.example.com/products/133/5.jpg}",on_sale,t,2025-11-03 04:31:07.520077,2025-12-23 04:42:55.520077
134,时尚苏泊尔 餐具,101,苏泊尔,苏泊尔官方正品，支持七天无理由退换,5262.24,6765.87,3608.32,4292,6742,140120,5520,4.4,606,https://cdn.example.com/products/134/main.jpg,"{https://cdn.example.com/products/134/1.jpg,https://cdn.example.com/products/134/2.jpg,https://cdn.example.com/products/134/3.jpg,https://cdn.example.com/products/134/4.jpg,https://cdn.example.com/products/134/5.jpg,https://cdn.example.com/products/134/6.jpg}",on_sale,f,2025-11-12 05:39:19.520077,2026-01-08 03:52:27.520077
135,GXG 外套,12,GXG,高品质外套，GXG出品，品质保证,39.14,48.75,21.15,4290,1291,17427,1376,4.8,56,https://cdn.example.com/products/135/main.jpg,"{https://cdn.example.com/products/135/1.jpg,https://cdn.example.com/products/135/2.jpg,https://cdn.example.com/products/135/3.jpg,https://cdn.example.com/products/135/4.jpg,https://cdn.example.com/products/135/5.jpg,https://cdn.example.com/products/135/6.jpg,https://cdn.example.com/products/135/7.jpg}",on_sale,f,2025-11-08 03:19:32.520077,2025-11-13 16:01:51.520077
136,热卖耐克 健身鞋,132,耐克,高品质健身鞋，耐克出品，品质保证,1225.09,1640.84,521.19,1565,13,405,1,3.7,0,https://cdn.example.com/products/136/main.jpg,"{https://cdn.example.com/products/136/1.jpg,https://cdn.example.com/products/136/2.jpg,https://cdn.example.com/products/136/3.jpg,https://cdn.example.com/products/136/4.jpg}",on_sale,f,2025-11-02 03:40:13.520077,2025-11-24 13:57:42.520077
137,蒙牛 水果,79,蒙牛,爆款水果，销量领先，好评如潮,5865.06,6463.09,2736.76,4829,11154,532368,21826,4.0,474,https://cdn.example.com/products/137/main.jpg,"{https://cdn.example.com/products/137/1.jpg,https://cdn.example.com/products/137/2.jpg,https://cdn.example.com/products/137/3.jpg,https://cdn.example.com/products/137/4.jpg}",off_sale,f,2025-12-19 15:53:55.520077,2026-01-15 10:07:19.520077
138,限定李宁 登山杖,144,李宁,高品质登山杖，李宁出品，品质保证,5732.39,8779.65,2769.50,1919,14563,61196,24224,4.3,728,https://cdn.example.com/products/138/main.jpg,"{https://cdn.example.com/products/138/1.jpg,https://cdn.example.com/products/138/2.jpg,https://cdn.example.com/products/138/3.jpg,https://cdn.example.com/products/138/4.jpg,https://cdn.example.com/products/138/5.jpg}",off_sale,f,2025-12-13 02:34:23.520077,2026-01-20 19:47:11.520077
139,热卖惠普 老人机,28,惠普,精选材质，舒适耐用，性价比之选,2778.33,3034.73,1436.15,1081,28369,426118,28715,3.6,332,https://cdn.example.com/products/139/main.jpg,"{https://cdn.example.com/products/139/1.jpg,https://cdn.example.com/products/139/2.jpg,https://cdn.example.com/products/139/3.jpg}",on_sale,f,2026-01-23 21:27:40.520077,2026-01-24 12:43:07.520077
140,精选海澜之家 裤子,17,海澜之家,高品质裤子，海澜之家出品，品质保证,812.85,979.07,312.45,934,5848,18036,6998,4.0,222,https://cdn.example.com/products/140/main.jpg,"{https://cdn.example.com/products/140/1.jpg,https://cdn.example.com/products/140/2.jpg,https://cdn.example.com/products/140/3.jpg,https://cdn.example.com/products/140/4.jpg,https://cdn.example.com/products/140/5.jpg,https://cdn.example.com/products/140/6.jpg,https://cdn.example.com/products/140/7.jpg}",on_sale,f,2026-01-13 04:00:10.520077,2026-01-15 20:56:06.520077
141,时尚伊利 水果,79,伊利,爆款水果，销量领先，好评如潮,118.35,149.06,76.34,912,11948,562639,20233,4.7,243,https://cdn.example.com/products/141/main.jpg,"{https://cdn.example.com/products/141/1.jpg,https://cdn.example.com/products/141/2.jpg,https://cdn.example.com/products/141/3.jpg,https://cdn.example.com/products/141/4.jpg,https://cdn.example.com/products/141/5.jpg,https://cdn.example.com/products/141/6.jpg,https://cdn.example.com/products/141/7.jpg}",on_sale,f,2025-11-27 18:29:49.520077,2026-01-09 01:11:41.520077
142,经典索尼 游戏手机,29,索尼,爆款游戏手机，销量领先，好评如潮,26.42,27.57,17.17,1045,33742,1574476,52426,3.9,693,https://cdn.example.com/products/142/main.jpg,"{https://cdn.example.com/products/142/1.jpg,https://cdn.example.com/products/142/2.jpg,https://cdn.example.com/products/142/3.jpg,https://cdn.example.com/products/142/4.jpg,https://cdn.example.com/products/142/5.jpg}",pre_sale,f,2025-11-24 17:13:57.520077,2026-01-15 15:21:46.520077
143,经典戴森 洗衣机,150,戴森,精选材质，舒适耐用，性价比之选,526.38,857.31,367.24,3244,49257,444218,41408,4.5,3177,https://cdn.example.com/products/143/main.jpg,"{https://cdn.example.com/products/143/1.jpg,https://cdn.example.com/products/143/2.jpg,https://cdn.example.com/products/143/3.jpg,https://cdn.example.com/products/143/4.jpg,https://cdn.example.com/products/143/5.jpg,https://cdn.example.com/products/143/6.jpg}",on_sale,f,2025-12-31 04:33:12.520077,2026-01-05 22:05:07.520077
144,苏泊尔 纸巾,105,苏泊尔,精选材质，舒适耐用，性价比之选,420.09,474.41,255.13,2530,7175,9016,14065,4.1,230,https://cdn.example.com/products/144/main.jpg,"{https://cdn.example.com/products/144/1.jpg,https://cdn.example.com/products/144/2.jpg,https://cdn.example.com/products/144/3.jpg}",on_sale,f,2025-12-03 23:54:29.520077,2026-01-18 03:35:30.520077
145,热卖小米 空调,151,小米,爆款空调，销量领先，好评如潮,323.05,359.07,113.35,3489,17270,611236,11619,4.3,1721,https://cdn.example.com/products/145/main.jpg,"{https://cdn.example.com/products/145/1.jpg,https://cdn.example.com/products/145/2.jpg,https://cdn.example.com/products/145/3.jpg,https://cdn.example.com/products/145/4.jpg,https://cdn.example.com/products/145/5.jpg,https://cdn.example.com/products/145/6.jpg}",off_sale,f,2025-11-29 23:05:53.520077,2026-01-06 02:04:04.520077
146,热卖GXG 内裤,22,GXG,爆款内裤，销量领先，好评如潮,469.72,739.37,233.35,4818,24972,351741,19101,4.0,2008,https://cdn.example.com/products/146/main.jpg,"{https://cdn.example.com/products/146/1.jpg,https://cdn.example.com/products/146/2.jpg,https://cdn.example.com/products/146/3.jpg,https://cdn.example.com/products/146/4.jpg,https://cdn.example.com/products/146/5.jpg,https://cdn.example.com/products/146/6.jpg,https://cdn.example.com/products/146/7.jpg}",on_sale,t,2025-12-22 19:47:05.520077,2025-12-29 16:24:06.520077
147,精选帮宝适 学步车,126,帮宝适,精选材质，舒适耐用，性价比之选,6401.92,9482.88,2467.32,2051,1100,31762,1141,5.0,108,https://cdn.example.com/products/147/main.jpg,"{https://cdn.example.com/products/147/1.jpg,https://cdn.example.com/products/147/2.jpg,https://cdn.example.com/products/147/3.jpg,https://cdn.example.com/products/147/4.jpg,https://cdn.example.com/products/147/5.jpg,https://cdn.example.com/products/147/6.jpg,https://cdn.example.com/products/147/7.jpg}",on_sale,f,2025-11-13 08:35:44.520077,2025-12-23 18:17:57.520077
148,优质九阳 窗帘,92,九阳,九阳官方正品，支持七天无理由退换,5279.58,7007.74,3202.67,3260,27078,743410,11589,4.8,2481,https://cdn.example.com/products/148/main.jpg,"{https://cdn.example.com/products/148/1.jpg,https://cdn.example.com/products/148/2.jpg,https://cdn.example.com/products/148/3.jpg,https://cdn.example.com/products/148/4.jpg,https://cdn.example.com/products/148/5.jpg,https://cdn.example.com/products/148/6.jpg,https://cdn.example.com/products/148/7.jpg}",pre_sale,f,2026-01-05 23:29:46.520077,2026-01-19 17:10:27.520077
149,新款帮宝适 儿童奶粉,112,帮宝适,爆款儿童奶粉，销量领先，好评如潮,384.46,390.45,130.37,4659,14920,562621,25917,3.9,1,https://cdn.example.com/products/149/main.jpg,"{https://cdn.example.com/products/149/1.jpg,https://cdn.example.com/products/149/2.jpg,https://cdn.example.com/products/149/3.jpg}",on_sale,f,2025-11-27 00:21:29.520077,2026-01-22 18:29:51.520077
150,新款美的 消毒柜,162,美的,美的官方正品，支持七天无理由退换,1288.78,1972.37,480.30,3846,503,2115,491,4.3,43,https://cdn.example.com/products/150/main.jpg,"{https://cdn.example.com/products/150/1.jpg,https://cdn.example.com/products/150/2.jpg,https://cdn.example.com/products/150/3.jpg,https://cdn.example.com/products/150/4.jpg,https://cdn.example.com/products/150/5.jpg,https://cdn.example.com/products/150/6.jpg,https://cdn.example.com/products/150/7.jpg,https://cdn.example.com/products/150/8.jpg}",on_sale,f,2025-10-29 14:16:34.520077,2026-01-24 22:13:18.520077
151,经典OPPO 笔记本,31,OPPO,OPPO官方正品，支持七天无理由退换,1734.69,1950.30,737.95,54,43204,367030,75062,4.5,430,https://cdn.example.com/products/151/main.jpg,"{https://cdn.example.com/products/151/1.jpg,https://cdn.example.com/products/151/2.jpg,https://cdn.example.com/products/151/3.jpg,https://cdn.example.com/products/151/4.jpg,https://cdn.example.com/products/151/5.jpg,https://cdn.example.com/products/151/6.jpg,https://cdn.example.com/products/151/7.jpg,https://cdn.example.com/products/151/8.jpg}",on_sale,f,2026-01-06 10:31:38.520077,2026-01-09 23:19:37.520077
152,限定彪马 睡袋,145,彪马,精选材质，舒适耐用，性价比之选,27.25,42.16,11.32,4763,25992,1258468,9290,3.6,145,https://cdn.example.com/products/152/main.jpg,"{https://cdn.example.com/products/152/1.jpg,https://cdn.example.com/products/152/2.jpg,https://cdn.example.com/products/152/3.jpg,https://cdn.example.com/products/152/4.jpg,https://cdn.example.com/products/152/5.jpg}",pre_sale,f,2026-01-09 06:30:24.520077,2026-01-11 09:30:21.520077
153,三只松鼠 坚果,67,三只松鼠,三只松鼠官方正品，支持七天无理由退换,1678.31,2221.50,1131.18,200,46934,788679,41690,3.5,421,https://cdn.example.com/products/153/main.jpg,"{https://cdn.example.com/products/153/1.jpg,https://cdn.example.com/products/153/2.jpg,https://cdn.example.com/products/153/3.jpg,https://cdn.example.com/products/153/4.jpg,https://cdn.example.com/products/153/5.jpg,https://cdn.example.com/products/153/6.jpg,https://cdn.example.com/products/153/7.jpg}",on_sale,f,2025-12-24 20:57:10.520077,2026-01-15 01:13:55.520077
154,热卖蒙牛 咖啡,77,蒙牛,爆款咖啡，销量领先，好评如潮,254.62,272.02,127.59,3950,16126,107980,5468,4.8,1299,https://cdn.example.com/products/154/main.jpg,"{https://cdn.example.com/products/154/1.jpg,https://cdn.example.com/products/154/2.jpg,https://cdn.example.com/products/154/3.jpg,https://cdn.example.com/products/154/4.jpg,https://cdn.example.com/products/154/5.jpg,https://cdn.example.com/products/154/6.jpg,https://cdn.example.com/products/154/7.jpg,https://cdn.example.com/products/154/8.jpg}",on_sale,f,2026-01-15 11:15:52.520077,2026-01-16 12:09:09.520077
155,新款兰蔻 眼影,53,兰蔻,高品质眼影，兰蔻出品，品质保证,107.30,114.30,73.00,3569,280,7334,0,4.1,27,https://cdn.example.com/products/155/main.jpg,"{https://cdn.example.com/products/155/1.jpg,https://cdn.example.com/products/155/2.jpg,https://cdn.example.com/products/155/3.jpg,https://cdn.example.com/products/155/4.jpg}",on_sale,f,2025-12-04 06:51:18.520077,2025-12-30 08:44:38.520077
156,新款完美日记 腮红,54,完美日记,高品质腮红，完美日记出品，品质保证,1002.37,1353.53,537.10,4959,46101,762358,58155,4.6,226,https://cdn.example.com/products/156/main.jpg,"{https://cdn.example.com/products/156/1.jpg,https://cdn.example.com/products/156/2.jpg,https://cdn.example.com/products/156/3.jpg,https://cdn.example.com/products/156/4.jpg,https://cdn.example.com/products/156/5.jpg,https://cdn.example.com/products/156/6.jpg}",on_sale,f,2026-01-13 16:56:53.520077,2026-01-23 19:10:26.520077
157,优质李宁 瑜伽垫,139,李宁,精选材质，舒适耐用，性价比之选,77.90,84.55,32.28,3161,38638,1255626,40370,3.6,2219,https://cdn.example.com/products/157/main.jpg,"{https://cdn.example.com/products/157/1.jpg,https://cdn.example.com/products/157/2.jpg,https://cdn.example.com/products/157/3.jpg}",on_sale,f,2025-11-01 21:07:13.520077,2025-11-22 13:46:30.520077
158,限定小米 电视,152,小米,高品质电视，小米出品，品质保证,1014.75,1039.51,571.98,3278,41266,796191,7468,4.4,1701,https://cdn.example.com/products/158/main.jpg,"{https://cdn.example.com/products/158/1.jpg,https://cdn.example.com/products/158/2.jpg,https://cdn.example.com/products/158/3.jpg,https://cdn.example.com/products/158/4.jpg,https://cdn.example.com/products/158/5.jpg,https://cdn.example.com/products/158/6.jpg}",pre_sale,f,2026-01-23 20:31:55.520077,2026-01-24 15:04:41.520077
159,经典百草味 面粉,86,百草味,精选材质，舒适耐用，性价比之选,703.88,943.00,342.85,1193,24338,617353,37526,3.8,1596,https://cdn.example.com/products/159/main.jpg,"{https://cdn.example.com/products/159/1.jpg,https://cdn.example.com/products/159/2.jpg,https://cdn.example.com/products/159/3.jpg,https://cdn.example.com/products/159/4.jpg,https://cdn.example.com/products/159/5.jpg,https://cdn.example.com/products/159/6.jpg,https://cdn.example.com/products/159/7.jpg,https://cdn.example.com/products/159/8.jpg}",on_sale,f,2025-12-27 00:18:52.520077,2026-01-23 23:53:51.520077
160,时尚阿迪达斯 运动裤,135,阿迪达斯,爆款运动裤，销量领先，好评如潮,1448.87,1980.17,453.61,578,34892,270744,47798,4.7,1844,https://cdn.example.com/products/160/main.jpg,"{https://cdn.example.com/products/160/1.jpg,https://cdn.example.com/products/160/2.jpg,https://cdn.example.com/products/160/3.jpg,https://cdn.example.com/products/160/4.jpg,https://cdn.example.com/products/160/5.jpg,https://cdn.example.com/products/160/6.jpg,https://cdn.example.com/products/160/7.jpg,https://cdn.example.com/products/160/8.jpg}",on_sale,f,2025-12-22 11:52:34.520077,2025-12-29 15:12:25.520077
161,精选好孩子 积木,121,好孩子,爆款积木，销量领先，好评如潮,585.47,870.77,342.26,4855,45457,811606,9989,3.9,4239,https://cdn.example.com/products/161/main.jpg,"{https://cdn.example.com/products/161/1.jpg,https://cdn.example.com/products/161/2.jpg,https://cdn.example.com/products/161/3.jpg,https://cdn.example.com/products/161/4.jpg,https://cdn.example.com/products/161/5.jpg}",on_sale,f,2026-01-08 15:46:14.520077,2026-01-21 17:18:11.520077
162,限定海尔 冰箱,149,海尔,爆款冰箱，销量领先，好评如潮,1561.73,1588.17,748.71,3645,46462,1817225,14477,4.7,1039,https://cdn.example.com/products/162/main.jpg,"{https://cdn.example.com/products/162/1.jpg,https://cdn.example.com/products/162/2.jpg,https://cdn.example.com/products/162/3.jpg,https://cdn.example.com/products/162/4.jpg,https://cdn.example.com/products/162/5.jpg,https://cdn.example.com/products/162/6.jpg,https://cdn.example.com/products/162/7.jpg}",on_sale,f,2025-12-27 17:59:35.520077,2026-01-18 18:23:57.520077
163,时尚森马 睡衣,23,森马,爆款睡衣，销量领先，好评如潮,4239.34,6149.51,2268.48,930,44358,1526777,62812,3.7,1693,https://cdn.example.com/products/163/main.jpg,"{https://cdn.example.com/products/163/1.jpg,https://cdn.example.com/products/163/2.jpg,https://cdn.example.com/products/163/3.jpg,https://cdn.example.com/products/163/4.jpg,https://cdn.example.com/products/163/5.jpg}",on_sale,t,2025-12-16 21:53:26.520077,2025-12-27 20:21:15.520077
164,新款惠普 智能手表,40,惠普,惠普官方正品，支持七天无理由退换,163.01,208.64,91.13,2181,1299,45219,1144,4.6,71,https://cdn.example.com/products/164/main.jpg,"{https://cdn.example.com/products/164/1.jpg,https://cdn.example.com/products/164/2.jpg,https://cdn.example.com/products/164/3.jpg,https://cdn.example.com/products/164/4.jpg,https://cdn.example.com/products/164/5.jpg,https://cdn.example.com/products/164/6.jpg,https://cdn.example.com/products/164/7.jpg}",on_sale,f,2025-11-17 16:10:30.520077,2025-11-23 01:17:53.520077
165,新款花西子 眉笔,55,花西子,花西子官方正品，支持七天无理由退换,3701.58,3993.12,2553.57,4293,30851,1344459,13467,3.6,2299,https://cdn.example.com/products/165/main.jpg,"{https://cdn.example.com/products/165/1.jpg,https://cdn.example.com/products/165/2.jpg,https://cdn.example.com/products/165/3.jpg,https://cdn.example.com/products/165/4.jpg}",on_sale,f,2026-01-03 04:26:29.520077,2026-01-08 19:25:17.520077
166,新款九阳 窗帘,92,九阳,爆款窗帘，销量领先，好评如潮,212.87,275.78,86.10,4595,29678,1265822,15239,4.7,1672,https://cdn.example.com/products/166/main.jpg,"{https://cdn.example.com/products/166/1.jpg,https://cdn.example.com/products/166/2.jpg,https://cdn.example.com/products/166/3.jpg,https://cdn.example.com/products/166/4.jpg,https://cdn.example.com/products/166/5.jpg,https://cdn.example.com/products/166/6.jpg,https://cdn.example.com/products/166/7.jpg}",sold_out,f,2026-01-03 13:51:26.520077,2026-01-18 20:31:16.520077
167,时尚H&M 衬衫,11,H&M,爆款衬衫，销量领先，好评如潮,7594.41,8618.80,5276.69,2184,30445,414618,26955,4.7,2687,https://cdn.example.com/products/167/main.jpg,"{https://cdn.example.com/products/167/1.jpg,https://cdn.example.com/products/167/2.jpg,https://cdn.example.com/products/167/3.jpg,https://cdn.example.com/products/167/4.jpg,https://cdn.example.com/products/167/5.jpg,https://cdn.example.com/products/167/6.jpg}",on_sale,f,2026-01-18 16:22:31.520077,2026-01-22 19:30:56.520077
168,时尚特步 篮球鞋,130,特步,特步官方正品，支持七天无理由退换,203.05,268.48,72.70,590,1568,47092,395,4.7,152,https://cdn.example.com/products/168/main.jpg,"{https://cdn.example.com/products/168/1.jpg,https://cdn.example.com/products/168/2.jpg,https://cdn.example.com/products/168/3.jpg,https://cdn.example.com/products/168/4.jpg}",on_sale,f,2025-11-09 07:58:21.520077,2025-12-28 17:00:35.520077
169,限定耐克 运动套装,136,耐克,精选材质，舒适耐用，性价比之选,939.95,1137.23,403.19,1276,33906,1485619,56018,3.7,2800,https://cdn.example.com/products/169/main.jpg,"{https://cdn.example.com/products/169/1.jpg,https://cdn.example.com/products/169/2.jpg,https://cdn.example.com/products/169/3.jpg,https://cdn.example.com/products/169/4.jpg,https://cdn.example.com/products/169/5.jpg,https://cdn.example.com/products/169/6.jpg}",on_sale,f,2025-12-14 13:57:03.520077,2026-01-11 04:01:33.520077
170,优质惠氏 遥控玩具,122,惠氏,惠氏官方正品，支持七天无理由退换,46.29,70.23,24.35,3377,37859,1535540,71962,3.5,538,https://cdn.example.com/products/170/main.jpg,"{https://cdn.example.com/products/170/1.jpg,https://cdn.example.com/products/170/2.jpg,https://cdn.example.com/products/170/3.jpg,https://cdn.example.com/products/170/4.jpg,https://cdn.example.com/products/170/5.jpg}",on_sale,f,2026-01-22 11:39:17.520077,2026-01-24 11:18:14.520077
171,热卖科沃斯 冰箱,149,科沃斯,高品质冰箱，科沃斯出品，品质保证,55.78,56.72,21.52,3388,8669,11172,5809,4.3,557,https://cdn.example.com/products/171/main.jpg,"{https://cdn.example.com/products/171/1.jpg,https://cdn.example.com/products/171/2.jpg,https://cdn.example.com/products/171/3.jpg,https://cdn.example.com/products/171/4.jpg,https://cdn.example.com/products/171/5.jpg,https://cdn.example.com/products/171/6.jpg,https://cdn.example.com/products/171/7.jpg}",on_sale,f,2025-11-20 10:14:17.520077,2025-12-20 03:15:01.520077
172,新款惠普 智能手机,27,惠普,爆款智能手机，销量领先，好评如潮,4728.07,7146.95,1765.95,2303,30266,322492,11805,3.9,1142,https://cdn.example.com/products/172/main.jpg,"{https://cdn.example.com/products/172/1.jpg,https://cdn.example.com/products/172/2.jpg,https://cdn.example.com/products/172/3.jpg,https://cdn.example.com/products/172/4.jpg,https://cdn.example.com/products/172/5.jpg,https://cdn.example.com/products/172/6.jpg}",on_sale,f,2026-01-03 20:40:06.520077,2026-01-21 14:39:54.520077
173,优质良品铺子 坚果,67,良品铺子,爆款坚果，销量领先，好评如潮,19.12,27.82,13.21,2907,23016,533745,18334,5.0,1616,https://cdn.example.com/products/173/main.jpg,"{https://cdn.example.com/products/173/1.jpg,https://cdn.example.com/products/173/2.jpg,https://cdn.example.com/products/173/3.jpg,https://cdn.example.com/products/173/4.jpg,https://cdn.example.com/products/173/5.jpg,https://cdn.example.com/products/173/6.jpg}",on_sale,f,2025-12-27 22:12:10.520077,2026-01-11 23:25:09.520077
174,精选珀莱雅 洗发水,61,珀莱雅,精选材质，舒适耐用，性价比之选,604.79,714.39,317.85,2887,30759,860431,54687,3.9,500,https://cdn.example.com/products/174/main.jpg,"{https://cdn.example.com/products/174/1.jpg,https://cdn.example.com/products/174/2.jpg,https://cdn.example.com/products/174/3.jpg}",on_sale,f,2025-12-20 23:37:37.520077,2026-01-10 07:37:55.520077
175,精选海澜之家 连衣裙,3,海澜之家,精选材质，舒适耐用，性价比之选,385.16,454.61,183.04,3631,5067,99395,6152,3.7,171,https://cdn.example.com/products/175/main.jpg,"{https://cdn.example.com/products/175/1.jpg,https://cdn.example.com/products/175/2.jpg,https://cdn.example.com/products/175/3.jpg,https://cdn.example.com/products/175/4.jpg,https://cdn.example.com/products/175/5.jpg,https://cdn.example.com/products/175/6.jpg,https://cdn.example.com/products/175/7.jpg}",on_sale,f,2025-12-14 03:21:23.520077,2026-01-17 18:18:46.520077
176,热卖美的 消毒柜,162,美的,美的官方正品，支持七天无理由退换,5621.98,7261.92,1929.61,1873,8707,391973,1983,4.9,311,https://cdn.example.com/products/176/main.jpg,"{https://cdn.example.com/products/176/1.jpg,https://cdn.example.com/products/176/2.jpg,https://cdn.example.com/products/176/3.jpg,https://cdn.example.com/products/176/4.jpg}",on_sale,f,2025-12-12 13:33:00.520077,2026-01-20 15:40:47.520077
177,精选森马 套装,18,森马,高品质套装，森马出品，品质保证,67.51,89.19,24.24,3577,44371,383474,65706,4.2,1744,https://cdn.example.com/products/177/main.jpg,"{https://cdn.example.com/products/177/1.jpg,https://cdn.example.com/products/177/2.jpg,https://cdn.example.com/products/177/3.jpg,https://cdn.example.com/products/177/4.jpg}",on_sale,f,2025-11-19 06:59:29.520077,2025-12-05 21:37:24.520077
178,新款OPPO 笔记本,31,OPPO,精选材质，舒适耐用，性价比之选,901.96,1186.36,572.87,4573,5543,227191,9793,3.9,139,https://cdn.example.com/products/178/main.jpg,"{https://cdn.example.com/products/178/1.jpg,https://cdn.example.com/products/178/2.jpg,https://cdn.example.com/products/178/3.jpg,https://cdn.example.com/products/178/4.jpg,https://cdn.example.com/products/178/5.jpg}",on_sale,f,2025-12-27 05:49:25.520077,2026-01-08 16:22:42.520077
179,经典SK-II 面膜,47,SK-II,SK-II官方正品，支持七天无理由退换,16.21,19.22,6.65,985,21410,214643,21059,3.9,1391,https://cdn.example.com/products/179/main.jpg,"{https://cdn.example.com/products/179/1.jpg,https://cdn.example.com/products/179/2.jpg,https://cdn.example.com/products/179/3.jpg,https://cdn.example.com/products/179/4.jpg,https://cdn.example.com/products/179/5.jpg,https://cdn.example.com/products/179/6.jpg,https://cdn.example.com/products/179/7.jpg}",on_sale,f,2025-11-10 01:19:09.520077,2025-12-20 15:41:02.520077
180,新款洽洽 食用油,85,洽洽,精选材质，舒适耐用，性价比之选,3578.16,5527.21,1077.55,1527,12146,244062,10605,4.4,657,https://cdn.example.com/products/180/main.jpg,"{https://cdn.example.com/products/180/1.jpg,https://cdn.example.com/products/180/2.jpg,https://cdn.example.com/products/180/3.jpg,https://cdn.example.com/products/180/4.jpg,https://cdn.example.com/products/180/5.jpg,https://cdn.example.com/products/180/6.jpg}",on_sale,f,2025-12-31 09:21:37.520077,2026-01-21 09:37:42.520077
181,限定UR 套装,18,UR,爆款套装，销量领先，好评如潮,366.55,383.77,195.27,2673,38164,1558752,11967,4.9,2938,https://cdn.example.com/products/181/main.jpg,"{https://cdn.example.com/products/181/1.jpg,https://cdn.example.com/products/181/2.jpg,https://cdn.example.com/products/181/3.jpg,https://cdn.example.com/products/181/4.jpg}",on_sale,f,2025-12-28 14:31:46.520077,2026-01-04 09:53:18.520077
182,优质华为 智能手表,40,华为,华为官方正品，支持七天无理由退换,10.28,14.43,5.21,3448,11036,215379,5324,4.4,833,https://cdn.example.com/products/182/main.jpg,"{https://cdn.example.com/products/182/1.jpg,https://cdn.example.com/products/182/2.jpg,https://cdn.example.com/products/182/3.jpg,https://cdn.example.com/products/182/4.jpg}",on_sale,f,2025-12-02 21:00:10.520077,2026-01-08 04:33:42.520077
183,时尚H&M 睡衣,23,H&M,H&M官方正品，支持七天无理由退换,1316.11,1352.19,744.04,4471,40930,1206833,75071,4.2,2787,https://cdn.example.com/products/183/main.jpg,"{https://cdn.example.com/products/183/1.jpg,https://cdn.example.com/products/183/2.jpg,https://cdn.example.com/products/183/3.jpg,https://cdn.example.com/products/183/4.jpg}",on_sale,f,2025-11-08 18:02:10.520077,2025-12-23 19:34:01.520077
184,珀莱雅 精华,46,珀莱雅,精选材质，舒适耐用，性价比之选,79.29,106.61,51.97,1779,41223,152670,32250,4.9,1170,https://cdn.example.com/products/184/main.jpg,"{https://cdn.example.com/products/184/1.jpg,https://cdn.example.com/products/184/2.jpg,https://cdn.example.com/products/184/3.jpg,https://cdn.example.com/products/184/4.jpg,https://cdn.example.com/products/184/5.jpg}",on_sale,f,2025-12-25 05:40:34.520077,2026-01-18 09:30:31.520077
185,优质波司登 外套,19,波司登,波司登官方正品，支持七天无理由退换,2113.11,2901.56,665.45,4148,40463,296543,20575,4.6,2176,https://cdn.example.com/products/185/main.jpg,"{https://cdn.example.com/products/185/1.jpg,https://cdn.example.com/products/185/2.jpg,https://cdn.example.com/products/185/3.jpg,https://cdn.example.com/products/185/4.jpg,https://cdn.example.com/products/185/5.jpg}",pre_sale,f,2025-12-13 15:33:24.520077,2026-01-16 23:58:27.520077
186,贝亲 婴儿奶粉,111,贝亲,爆款婴儿奶粉，销量领先，好评如潮,351.87,507.18,116.52,708,1512,17491,1316,3.9,15,https://cdn.example.com/products/186/main.jpg,"{https://cdn.example.com/products/186/1.jpg,https://cdn.example.com/products/186/2.jpg,https://cdn.example.com/products/186/3.jpg,https://cdn.example.com/products/186/4.jpg,https://cdn.example.com/products/186/5.jpg,https://cdn.example.com/products/186/6.jpg}",on_sale,f,2025-11-08 17:29:26.520077,2026-01-01 21:09:47.520077
187,经典SK-II 女士香水,57,SK-II,SK-II官方正品，支持七天无理由退换,367.47,372.84,249.47,3323,10656,76617,17926,3.6,526,https://cdn.example.com/products/187/main.jpg,"{https://cdn.example.com/products/187/1.jpg,https://cdn.example.com/products/187/2.jpg,https://cdn.example.com/products/187/3.jpg,https://cdn.example.com/products/187/4.jpg,https://cdn.example.com/products/187/5.jpg,https://cdn.example.com/products/187/6.jpg,https://cdn.example.com/products/187/7.jpg}",pre_sale,f,2025-12-02 21:36:31.520077,2026-01-24 19:53:22.520077
188,精选戴森 洗衣机,150,戴森,戴森官方正品，支持七天无理由退换,4895.35,5616.54,2479.81,3525,1125,5088,327,3.8,45,https://cdn.example.com/products/188/main.jpg,"{https://cdn.example.com/products/188/1.jpg,https://cdn.example.com/products/188/2.jpg,https://cdn.example.com/products/188/3.jpg,https://cdn.example.com/products/188/4.jpg,https://cdn.example.com/products/188/5.jpg}",on_sale,f,2026-01-07 23:13:07.520077,2026-01-18 21:19:56.520077
189,经典兰蔻 洗发水,61,兰蔻,精选材质，舒适耐用，性价比之选,3296.85,4422.67,1363.18,313,40067,93816,78501,4.4,3242,https://cdn.example.com/products/189/main.jpg,"{https://cdn.example.com/products/189/1.jpg,https://cdn.example.com/products/189/2.jpg,https://cdn.example.com/products/189/3.jpg,https://cdn.example.com/products/189/4.jpg,https://cdn.example.com/products/189/5.jpg,https://cdn.example.com/products/189/6.jpg,https://cdn.example.com/products/189/7.jpg}",on_sale,f,2026-01-20 19:57:37.520077,2026-01-23 09:53:00.520077
190,经典科沃斯 吹风机,156,科沃斯,高品质吹风机，科沃斯出品，品质保证,5418.84,7286.07,2917.10,830,25876,113763,35218,4.0,423,https://cdn.example.com/products/190/main.jpg,"{https://cdn.example.com/products/190/1.jpg,https://cdn.example.com/products/190/2.jpg,https://cdn.example.com/products/190/3.jpg,https://cdn.example.com/products/190/4.jpg,https://cdn.example.com/products/190/5.jpg,https://cdn.example.com/products/190/6.jpg}",pre_sale,f,2025-12-13 01:09:31.520077,2025-12-22 05:24:05.520077
191,新款蒙牛 碳酸饮料,75,蒙牛,蒙牛官方正品，支持七天无理由退换,31.95,46.90,13.82,4594,23338,283876,7647,3.7,2255,https://cdn.example.com/products/191/main.jpg,"{https://cdn.example.com/products/191/1.jpg,https://cdn.example.com/products/191/2.jpg,https://cdn.example.com/products/191/3.jpg,https://cdn.example.com/products/191/4.jpg}",pre_sale,t,2025-11-07 21:12:51.520077,2025-12-12 15:22:13.520077
192,限定波司登 外套,12,波司登,高品质外套，波司登出品，品质保证,45.88,72.79,24.00,3559,30355,721657,27852,5.0,2893,https://cdn.example.com/products/192/main.jpg,"{https://cdn.example.com/products/192/1.jpg,https://cdn.example.com/products/192/2.jpg,https://cdn.example.com/products/192/3.jpg,https://cdn.example.com/products/192/4.jpg,https://cdn.example.com/products/192/5.jpg}",on_sale,t,2025-12-04 08:44:13.520077,2026-01-03 17:40:58.520077
193,热卖H&M 衬衫,5,H&M,精选材质，舒适耐用，性价比之选,322.33,417.29,113.34,1604,10815,245620,17236,3.8,419,https://cdn.example.com/products/193/main.jpg,"{https://cdn.example.com/products/193/1.jpg,https://cdn.example.com/products/193/2.jpg,https://cdn.example.com/products/193/3.jpg,https://cdn.example.com/products/193/4.jpg,https://cdn.example.com/products/193/5.jpg,https://cdn.example.com/products/193/6.jpg}",on_sale,f,2026-01-19 06:09:52.520077,2026-01-24 18:55:30.520077
194,热卖洽洽 碳酸饮料,75,洽洽,高品质碳酸饮料，洽洽出品，品质保证,17.69,22.04,7.51,3820,41263,393303,64136,3.7,3787,https://cdn.example.com/products/194/main.jpg,"{https://cdn.example.com/products/194/1.jpg,https://cdn.example.com/products/194/2.jpg,https://cdn.example.com/products/194/3.jpg,https://cdn.example.com/products/194/4.jpg,https://cdn.example.com/products/194/5.jpg,https://cdn.example.com/products/194/6.jpg,https://cdn.example.com/products/194/7.jpg,https://cdn.example.com/products/194/8.jpg}",on_sale,f,2025-12-12 08:22:55.520077,2026-01-21 19:02:39.520077
195,精选三星 智能手表,40,三星,高品质智能手表，三星出品，品质保证,1123.39,1568.70,624.56,3922,16645,496771,16549,4.1,446,https://cdn.example.com/products/195/main.jpg,"{https://cdn.example.com/products/195/1.jpg,https://cdn.example.com/products/195/2.jpg,https://cdn.example.com/products/195/3.jpg,https://cdn.example.com/products/195/4.jpg,https://cdn.example.com/products/195/5.jpg,https://cdn.example.com/products/195/6.jpg}",on_sale,f,2025-10-28 03:26:17.520077,2025-11-21 09:52:24.520077
196,热卖斐乐 登山杖,144,斐乐,爆款登山杖，销量领先，好评如潮,1022.58,1402.09,445.08,778,14721,410109,20484,4.1,472,https://cdn.example.com/products/196/main.jpg,"{https://cdn.example.com/products/196/1.jpg,https://cdn.example.com/products/196/2.jpg,https://cdn.example.com/products/196/3.jpg,https://cdn.example.com/products/196/4.jpg,https://cdn.example.com/products/196/5.jpg}",on_sale,f,2025-11-10 21:36:28.520077,2025-12-05 14:00:16.520077
197,OPPO 笔记本,31,OPPO,OPPO官方正品，支持七天无理由退换,806.90,906.87,484.23,630,188,2164,203,4.5,10,https://cdn.example.com/products/197/main.jpg,"{https://cdn.example.com/products/197/1.jpg,https://cdn.example.com/products/197/2.jpg,https://cdn.example.com/products/197/3.jpg,https://cdn.example.com/products/197/4.jpg,https://cdn.example.com/products/197/5.jpg,https://cdn.example.com/products/197/6.jpg,https://cdn.example.com/products/197/7.jpg,https://cdn.example.com/products/197/8.jpg}",on_sale,f,2026-01-05 18:16:04.520077,2026-01-18 03:47:32.520077
198,小米 智能音箱,42,小米,高品质智能音箱，小米出品，品质保证,4960.96,5739.35,2722.01,46,19752,51032,36066,4.8,1368,https://cdn.example.com/products/198/main.jpg,"{https://cdn.example.com/products/198/1.jpg,https://cdn.example.com/products/198/2.jpg,https://cdn.example.com/products/198/3.jpg,https://cdn.example.com/products/198/4.jpg}",sold_out,f,2025-12-31 10:00:32.520077,2026-01-05 05:31:25.520077
199,精选九阳 地毯,93,九阳,九阳官方正品，支持七天无理由退换,670.82,932.55,245.18,3356,45773,817069,20178,3.7,1658,https://cdn.example.com/products/199/main.jpg,"{https://cdn.example.com/products/199/1.jpg,https://cdn.example.com/products/199/2.jpg,https://cdn.example.com/products/199/3.jpg,https://cdn.example.com/products/199/4.jpg,https://cdn.example.com/products/199/5.jpg}",off_sale,f,2026-01-23 06:15:19.520077,2026-01-23 18:34:16.520077
200,精选苏泊尔 衣架,96,苏泊尔,高品质衣架，苏泊尔出品，品质保证,51.77,83.41,16.57,440,44511,1593612,74827,4.0,2425,https://cdn.example.com/products/200/main.jpg,"{https://cdn.example.com/products/200/1.jpg,https://cdn.example.com/products/200/2.jpg,https://cdn.example.com/products/200/3.jpg,https://cdn.example.com/products/200/4.jpg,https://cdn.example.com/products/200/5.jpg}",on_sale,f,2026-01-08 03:14:14.520077,2026-01-22 07:44:35.520077
